player_id,player,nationality,position,team,age,birth_year,games,games_starts,minutes,minutes_90s,goals,assists,goals_assists,goals_pens,pens_made,pens_att,cards_yellow,cards_red,xg,npxg,xg_assist,npxg_xg_assist,progressive_carries,progressive_passes,progressive_passes_received,goals_per90,assists_per90,goals_assists_per90,goals_pens_per90,goals_assists_pens_per90,xg_per90,xg_assist_per90,xg_xg_assist_per90,npxg_per90,npxg_xg_assist_per90,matches
45419c74,Kerry Abello,us USA,D,Pride,26-062,1999,23,18,"1,552",17.2,1,0,1,1,0,0,2,0,0.6,0.6,0.5,1.1,42,90,48,0.06,0.00,0.06,0.06,0.06,0.03,0.03,0.07,0.03,0.07,Matches
e79fcfd2,Deborah Abiodun,ng NGA,M,Spirit,22-016,2003,8,6,581,6.5,0,1,1,0,0,0,2,0,0.3,0.3,0.5,0.9,6,30,12,0.00,0.15,0.15,0.00,0.15,0.05,0.08,0.14,0.05,0.14,Matches
e64b3c35,Emeri Adames,us USA,M,Reign,19-229,2006,21,11,"1,000",11.1,6,0,6,5,1,1,0,0,4.1,3.4,0.9,4.3,25,25,63,0.54,0.00,0.54,0.45,0.45,0.37,0.08,0.45,0.30,0.38,Matches
a4c093fc,Marie-Yasmine Alidou,ca CAN,M,Thorns,30-204,1995,20,6,719,8.0,1,1,2,1,0,0,1,0,1.1,1.1,0.5,1.6,16,21,38,0.13,0.13,0.25,0.13,0.25,0.14,0.07,0.20,0.14,0.20,Matches
51e267dc,Aline,br BRA,F,Courage,20-134,2005,14,3,349,3.9,1,0,1,1,0,0,0,0,1.0,1.0,0.4,1.4,12,8,37,0.26,0.00,0.26,0.26,0.26,0.25,0.11,0.36,0.25,0.36,Matches
f3e2324d,Emmie Allen,us USA,G,Bay FC,23-024,2002,2,2,180,2.0,0,0,0,0,0,0,0,0,0.0,0.0,0.0,0.0,0,0,0,0.00,0.00,0.00,0.00,0.00,0.00,0.00,0.00,0.00,0.00,Matches
b03e80f6,Michelle Alozie,ng NGA,D,Dash,28-204,1997,20,5,654,7.3,1,0,1,1,0,0,2,0,0.2,0.2,0.2,0.5,21,23,42,0.14,0.00,0.14,0.14,0.14,0.03,0.03,0.06,0.03,0.06,Matches
06115ef0,Angelina Anderson,us USA,G,Angel City,24-241,2001,22,22,"1,980",22.0,0,0,0,0,0,0,0,0,0.0,0.0,0.0,0.0,0,0,1,0.00,0.00,0.00,0.00,0.00,0.00,0.00,0.00,0.00,0.00,Matches
53cef818,Hannah Anderson,us USA,D,Chicago Stars,24-229,2001,11,4,470,5.2,0,0,0,0,0,0,0,0,0.4,0.4,0.0,0.5,0,8,1,0.00,0.00,0.00,0.00,0.00,0.09,0.00,0.09,0.09,0.09,Matches
edb4b4b1,Joelle Anderson,us USA,D,Bay FC,27-043,1998,20,15,"1,286",14.3,1,2,3,1,0,0,2,0,0.6,0.6,0.3,0.9,3,50,1,0.07,0.14,0.21,0.07,0.21,0.04,0.02,0.06,0.04,0.06,Matches
49d6d4a8,Angelina,br BRA,M,Pride,25-296,2000,24,21,"1,810",20.1,0,1,1,0,0,1,2,0,2.2,1.4,2.5,4.0,11,95,74,0.00,0.05,0.05,0.00,0.05,0.11,0.13,0.23,0.07,0.20,Matches
24a238da,Daniela Arias,co COL,D,Wave,31-079,1994,2,0,8,0.1,0,0,0,0,0,0,0,0,0.0,0.0,0.0,0.0,1,1,0,0.00,0.00,0.00,0.00,0.00,0.31,0.00,0.31,0.31,0.31,Matches
e31c93ca,Trinity Armstrong,us USA,D,Wave,18-116,2007,23,18,"1,657",18.4,1,2,3,1,0,0,2,0,1.4,1.4,0.7,2.1,20,73,7,0.05,0.11,0.16,0.05,0.16,0.08,0.04,0.11,0.08,0.11,Matches
30f6344f,Mackenzie Arnold,au AUS,G,Thorns,31-266,1994,19,19,"1,710",19.0,0,0,0,0,0,0,0,0,0.0,0.0,0.0,0.0,0,1,0,0.00,0.00,0.00,0.00,0.00,0.00,0.00,0.00,0.00,0.00,Matches
fa566209,Ary Borges,br BRA,M,Louisville,25-325,1999,21,16,"1,404",15.6,1,0,1,0,1,1,3,0,4.2,3.5,0.3,3.8,11,53,38,0.06,0.00,0.06,0.00,0.00,0.27,0.02,0.29,0.22,0.25,Matches
81b39775,Kimmi Ascanio,us USA,F,Wave,17-301,2008,26,17,"1,507",16.7,4,1,5,4,0,0,1,0,3.4,3.4,0.3,3.8,20,55,65,0.24,0.06,0.30,0.24,0.30,0.21,0.02,0.22,0.21,0.22,Matches
28392158,Ramona Bachmann,ch SUI,M,Dash,34-328,1990,2,0,37,0.4,0,0,0,0,0,0,0,0,0.0,0.0,0.0,0.0,0,1,2,0.00,0.00,0.00,0.00,0.00,0.00,0.00,0.00,0.00,0.00,Matches
1b15d6a3,Dorian Bailey,us USA,M,Bay FC,28-294,1997,23,12,"1,208",13.4,0,0,0,0,0,0,3,0,0.8,0.8,1.4,2.2,14,49,39,0.00,0.00,0.00,0.00,0.00,0.06,0.10,0.16,0.06,0.16,Matches
0d502444,Bethany Balcer,us USA,F,Louisville,28-256,1997,11,0,46,0.5,1,1,2,1,0,0,0,0,0.3,0.3,0.2,0.5,0,1,5,1.96,1.96,3.91,1.96,3.91,0.53,0.43,0.96,0.53,0.96,Matches
eea3655d,Elizabeth Ball,us USA,D,Current,30-029,1995,19,14,"1,338",14.9,1,0,1,1,0,0,1,0,0.6,0.6,0.0,0.6,0,10,1,0.07,0.00,0.07,0.07,0.07,0.04,0.00,0.04,0.04,0.04,Matches
7824185a,Barbra Banda,zm ZAM,F,Pride,25-243,2000,16,15,"1,296",14.4,8,1,9,8,0,0,3,0,8.6,8.5,1.8,10.3,72,16,112,0.56,0.07,0.62,0.56,0.62,0.59,0.12,0.72,0.59,0.72,Matches
9e5caab3,Melanie Barcenas,us USA,F,Wave,18-019,2007,17,3,468,5.2,1,1,2,1,0,0,1,0,0.5,0.5,1.0,1.5,8,22,38,0.19,0.19,0.38,0.19,0.38,0.10,0.20,0.30,0.10,0.30,Matches
380c9205,Lauren Barnes,us USA,D,Reign,36-171,1989,20,16,"1,309",14.5,0,1,1,0,0,0,3,0,0.0,0.0,0.9,0.9,10,61,6,0.00,0.07,0.07,0.00,0.07,0.00,0.06,0.06,0.00,0.06,Matches
703f4922,Catherine Barry,us USA,F,Chicago Stars,23-337,2001,4,0,49,0.5,0,0,0,0,0,0,0,0,0.3,0.3,0.0,0.3,0,1,4,0.00,0.00,0.00,0.00,0.00,0.48,0.00,0.48,0.48,0.48,Matches
d6ed0c7f,Beatriz,br BRA,F,Current,31-336,1993,24,19,"1,586",17.6,7,3,10,7,0,0,0,0,4.9,4.9,3.6,8.5,31,86,139,0.40,0.17,0.57,0.40,0.57,0.28,0.20,0.48,0.28,0.48,Matches
47b9e2ef,Hannah Bebar,us USA,M,Bay FC,24-074,2001,17,12,"1,050",11.7,0,1,1,0,0,0,1,0,0.5,0.5,1.8,2.4,11,67,14,0.00,0.09,0.09,0.00,0.09,0.04,0.16,0.20,0.04,0.20,Matches
4b32b951,Maycee Bell,us USA,D,Courage,25-061,2000,24,21,"1,893",21.0,0,0,0,0,0,0,1,0,1.2,1.2,1.1,2.3,5,52,6,0.00,0.00,0.00,0.00,0.00,0.06,0.05,0.11,0.06,0.11,Matches
be9f3298,Ann-Katrin Berger,de GER,G,Gotham FC,35-040,1990,24,24,"2,157",24.0,0,0,0,0,0,0,0,0,0.0,0.0,0.1,0.1,0,8,0,0.00,0.00,0.00,0.00,0.00,0.00,0.01,0.01,0.00,0.01,Matches
f8e41f9d,Malia Berkely,us USA,D,Courage,27-278,1998,11,9,804,8.9,0,1,1,0,0,0,0,0,0.2,0.2,0.4,0.5,7,43,5,0.00,0.11,0.11,0.00,0.11,0.02,0.04,0.06,0.02,0.06,Matches
f8e41f9d,Malia Berkely,us USA,D,Dash,27-278,1998,6,6,539,6.0,1,0,1,1,0,0,0,0,1.0,0.7,0.2,0.8,4,13,2,0.17,0.00,0.17,0.17,0.17,0.16,0.03,0.19,0.11,0.14,Matches
09a7e270,Rebeca Bernal,mx MEX,D,Spirit,28-079,1997,21,20,"1,717",19.1,0,0,0,0,0,0,1,0,1.2,1.2,1.0,2.2,7,64,5,0.00,0.00,0.00,0.00,0.00,0.06,0.05,0.12,0.06,0.12,Matches
130c8e6e,Hannah Betfort,us USA,F,Courage,26-318,1999,19,6,697,7.7,2,0,2,2,0,0,2,0,2.6,2.6,0.5,3.1,11,10,44,0.26,0.00,0.26,0.26,0.26,0.34,0.07,0.40,0.34,0.40,Matches
aa0f9aa7,Croix Bethune,us USA,M,Spirit,24-249,2001,20,16,"1,338",14.9,2,2,4,2,0,0,2,0,2.9,2.9,2.7,5.6,37,60,67,0.13,0.13,0.27,0.13,0.27,0.20,0.18,0.38,0.20,0.38,Matches
76828205,Camryn Biegalski,us USA,D,Chicago Stars,27-099,1998,20,16,"1,561",17.3,1,1,2,1,0,0,2,0,0.7,0.7,0.9,1.6,33,53,36,0.06,0.06,0.12,0.06,0.12,0.04,0.05,0.09,0.04,0.09,Matches
4d7dc3fd,Jenna Bike,us USA,F,Chicago Stars,27-289,1998,8,6,428,4.8,0,0,0,0,0,0,0,0,0.7,0.7,0.5,1.2,5,6,30,0.00,0.00,0.00,0.00,0.00,0.14,0.11,0.24,0.14,0.24,Matches
73eb19a8,Bella Bixby,us USA,G,Thorns,29-363,1995,7,7,630,7.0,0,0,0,0,0,0,0,0,0.0,0.0,0.0,0.0,0,0,0,0.00,0.00,0.00,0.00,0.00,0.00,0.00,0.00,0.00,0.00,Matches
0ac84745,Lynn Biyendolo,us USA,F,Reign,32-181,1993,13,7,794,8.8,2,1,3,2,0,0,0,0,1.5,1.5,0.8,2.3,6,23,45,0.23,0.11,0.34,0.23,0.34,0.17,0.09,0.26,0.17,0.26,Matches
d8ece1b2,Jordyn Bloomer,us USA,G,Louisville,28-035,1997,20,20,"1,800",20.0,0,0,0,0,0,0,1,0,0.0,0.0,0.1,0.1,0,0,0,0.00,0.00,0.00,0.00,0.00,0.00,0.01,0.01,0.00,0.01,Matches
f60a0981,Meg Boade,,M,Spirit,,,3,2,107,1.2,1,0,1,1,0,0,0,0,0.5,0.5,0.1,0.7,3,3,6,0.84,0.00,0.84,0.84,0.84,0.44,0.11,0.55,0.44,0.55,Matches
4c3147d0,Tess Boade,us USA,M,Bay FC,26-288,1999,19,10,984,10.9,0,0,0,0,0,0,0,0,1.4,1.4,1.8,3.3,12,36,46,0.00,0.00,0.00,0.00,0.00,0.13,0.17,0.30,0.13,0.30,Matches
f7f524de,Lisa Boattin,it ITA,D,Dash,28-199,1997,5,2,261,2.9,0,0,0,0,0,0,0,0,0.0,0.0,0.0,0.0,3,14,7,0.00,0.00,0.00,0.00,0.00,0.01,0.00,0.01,0.01,0.01,Matches
399c5a1a,Marisa Bova,us USA,G,Courage,25-104,2000,5,5,450,5.0,0,0,0,0,0,0,0,0,0.0,0.0,0.0,0.0,0,0,0,0.00,0.00,0.00,0.00,0.00,0.00,0.00,0.00,0.00,0.00,Matches
87fc628b,Jordan Brewster,us USA,D,Bay FC,26-052,1999,1,1,25,0.3,0,0,0,0,0,0,0,0,0.0,0.0,0.0,0.0,0,0,0,0.00,0.00,0.00,0.00,0.00,0.00,0.00,0.00,0.00,0.00,Matches
01204fe0,Messiah Bright,us USA,F,Dash,25-310,2000,26,12,"1,260",14.0,2,1,3,2,0,0,3,0,2.8,2.8,1.0,3.8,20,16,77,0.14,0.07,0.21,0.14,0.21,0.20,0.07,0.27,0.20,0.27,Matches
9982f5c6,Courtney Brown,us USA,M,Spirit,24-358,2000,15,5,439,4.9,1,0,1,1,0,0,0,0,1.3,1.3,0.6,1.8,9,15,34,0.21,0.00,0.21,0.21,0.21,0.26,0.12,0.37,0.26,0.37,Matches
f790716d,Bruninha,br BRA,D,Gotham FC,23-155,2002,23,15,"1,361",15.1,0,1,1,0,0,0,2,0,0.0,0.0,1.4,1.4,26,76,74,0.00,0.07,0.07,0.00,0.07,0.00,0.09,0.09,0.00,0.09,Matches
c5ca9ed9,Jordyn Bugg,us USA,D,Reign,19-099,2006,25,24,"2,149",23.9,3,0,3,3,0,0,4,0,0.5,0.5,0.5,1.0,18,71,8,0.13,0.00,0.13,0.13,0.13,0.02,0.02,0.04,0.02,0.04,Matches
c40fd1ac,Jane Campbell,us USA,G,Dash,30-274,1995,18,18,"1,542",17.1,0,0,0,0,0,0,0,0,0.0,0.0,0.0,0.0,0,2,0,0.00,0.00,0.00,0.00,0.00,0.00,0.00,0.00,0.00,0.00,Matches
c555eeb9,Ryan Campbell,us USA,G,Gotham FC,23-245,2002,1,0,3,0.0,0,0,0,0,0,0,0,0,0.0,0.0,0.0,0.0,0,0,0,0.00,0.00,0.00,0.00,0.00,0.00,0.00,0.00,0.00,0.00,Matches
e14b3765,Sofia Cantore,it ITA,F,Spirit,26-049,1999,12,8,738,8.2,4,1,5,4,0,0,1,0,3.3,3.3,0.8,4.1,22,23,67,0.49,0.12,0.61,0.49,0.61,0.40,0.10,0.51,0.40,0.51,Matches
77ce913d,Gabrielle Carle,ca CAN,D,Spirit,27-037,1998,25,23,"2,072",23.0,0,0,0,0,0,0,1,0,1.0,1.0,1.5,2.5,42,94,65,0.00,0.00,0.00,0.00,0.00,0.04,0.07,0.11,0.04,0.11,Matches
bb5e99fc,Jess Carter,eng ENG,D,Gotham FC,28-022,1997,23,23,"1,896",21.1,0,0,0,0,0,0,1,1,0.1,0.1,0.1,0.3,10,66,7,0.00,0.00,0.00,0.00,0.00,0.01,0.01,0.01,0.01,0.01,Matches
fe14499e,Kyra Carusa,ie IRL,F,Wave,30-004,1995,14,3,382,4.2,0,1,1,0,0,0,0,0,1.2,1.2,0.6,1.7,4,10,30,0.00,0.24,0.24,0.00,0.24,0.28,0.13,0.41,0.28,0.41,Matches
06cb322e,Sam Cary,us USA,D,Chicago Stars,25-023,2000,4,3,200,2.2,0,0,0,0,0,0,0,0,0.0,0.0,0.0,0.0,3,8,6,0.00,0.00,0.00,0.00,0.00,0.00,0.02,0.02,0.00,0.02,Matches
9d82fe8e,Delphine Cascarino,fr FRA,F,Wave,28-286,1997,24,23,"1,978",22.0,5,6,11,5,0,0,2,0,3.4,3.4,4.9,8.3,84,96,198,0.23,0.27,0.50,0.23,0.50,0.15,0.22,0.38,0.15,0.38,Matches
1b470ecd,Deyna Castellanos,ve VEN,F,Thorns,26-214,1999,21,13,"1,175",13.1,2,0,2,2,0,0,2,0,2.3,2.3,1.7,4.0,13,37,49,0.15,0.00,0.15,0.15,0.15,0.17,0.13,0.31,0.17,0.31,Matches
fde686b3,Ivonne Chacón,co COL,F,Chicago Stars,28-037,1997,5,1,182,2.0,1,1,2,1,0,0,0,0,1.0,1.0,0.3,1.3,4,2,10,0.49,0.49,0.99,0.49,0.99,0.50,0.14,0.63,0.50,0.63,Matches
3a794757,Grace Chanda,zm ZAM,M,Pride,28-160,1997,4,0,40,0.4,0,0,0,0,0,0,0,0,0.2,0.2,0.0,0.2,2,2,2,0.00,0.00,0.00,0.00,0.00,0.38,0.00,0.38,0.38,0.38,Matches
afcbf4d8,Allysha Chapman,ca CAN,D,Dash,36-297,1989,11,8,657,7.3,0,0,0,0,0,0,1,0,0.0,0.0,0.1,0.1,3,25,7,0.00,0.00,0.00,0.00,0.00,0.00,0.02,0.02,0.00,0.02,Matches
78400c25,Simone Charley,us USA,F,Pride,30-287,1995,9,1,226,2.5,1,0,1,1,0,0,1,0,1.9,1.9,0.1,2.0,5,4,14,0.40,0.00,0.40,0.40,0.40,0.77,0.04,0.81,0.77,0.81,Matches
166cd310,Zara Chavosi,ca CAN,D,Pride,22-347,2002,10,5,506,5.6,0,0,0,0,0,0,0,0,0.1,0.1,0.0,0.1,5,24,1,0.00,0.00,0.00,0.00,0.00,0.02,0.00,0.02,0.02,0.02,Matches
b86badfa,Temwa Chaŵinga,mw MWI,F,Current,27-059,1998,23,21,"1,809",20.1,15,3,18,15,0,0,0,0,14.2,14.2,3.0,17.1,39,35,162,0.75,0.15,0.90,0.75,0.90,0.70,0.15,0.85,0.70,0.85,Matches
70e954f3,Prisca Chilufya,zm ZAM,F,Pride,26-163,1999,16,4,512,5.7,2,0,2,2,0,0,2,0,1.3,1.3,1.1,2.4,28,7,54,0.35,0.00,0.35,0.35,0.35,0.23,0.19,0.42,0.23,0.42,Matches
70e954f3,Prisca Chilufya,zm ZAM,F,Angel City,26-163,1999,3,0,36,0.4,0,0,0,0,0,0,0,0,0.1,0.1,0.1,0.2,1,1,6,0.00,0.00,0.00,0.00,0.00,0.13,0.36,0.49,0.13,0.49,Matches
939315dc,Mikayla Cluff,us USA,M,Royals,26-266,1999,7,1,155,1.7,0,0,0,0,0,0,1,0,0.1,0.1,0.0,0.1,0,7,5,0.00,0.00,0.00,0.00,0.00,0.04,0.02,0.06,0.04,0.06,Matches
4d28a90a,Sam Coffey,us USA,M,Thorns,26-322,1998,25,25,"2,221",24.7,2,4,6,0,2,3,3,0,3.2,1.0,2.0,3.0,28,136,43,0.08,0.16,0.24,0.00,0.16,0.13,0.08,0.21,0.04,0.12,Matches
24478b0c,Danielle Colaprico,us USA,M,Dash,32-196,1993,26,26,"2,192",24.4,0,0,0,0,0,0,3,0,0.6,0.6,0.4,1.1,7,67,7,0.00,0.00,0.00,0.00,0.00,0.03,0.02,0.04,0.03,0.04,Matches
f5bafcf2,Sydney Collins,ca CAN,D,Bay FC,26-071,1999,9,8,765,8.5,0,0,0,0,0,0,1,0,0.0,0.0,0.0,0.0,3,18,0,0.00,0.00,0.00,0.00,0.00,0.00,0.00,0.00,0.00,0.00,Matches
b035ac13,Caroline Conti,us USA,M,Bay FC,24-235,2001,21,14,"1,279",14.2,3,3,6,0,3,3,4,0,3.3,1.1,1.4,2.5,9,56,43,0.21,0.21,0.42,0.00,0.21,0.24,0.10,0.33,0.08,0.18,Matches
7ca7c385,Alana Cook,us USA,D,Current,28-221,1997,7,7,586,6.5,0,0,0,0,0,0,0,0,0.0,0.0,0.0,0.0,0,7,0,0.00,0.00,0.00,0.00,0.00,0.01,0.00,0.01,0.01,0.01,Matches
662d7873,Ava Cook,us USA,F,Chicago Stars,25-136,2000,10,0,90,1.0,0,0,0,0,0,0,1,0,0.0,0.0,0.1,0.1,0,1,7,0.00,0.00,0.00,0.00,0.00,0.00,0.05,0.05,0.00,0.05,Matches
845abb1a,Sofia Cook,us USA,M,Gotham FC,21-103,2004,10,0,178,2.0,0,0,0,0,0,0,0,0,0.4,0.4,0.2,0.5,4,11,10,0.00,0.00,0.00,0.00,0.00,0.18,0.09,0.27,0.18,0.27,Matches
5f97ae2e,Michelle Cooper,us USA,F,Current,22-349,2002,20,17,"1,227",13.6,6,3,9,6,0,0,3,0,4.2,4.2,6.0,10.2,42,38,118,0.44,0.22,0.66,0.44,0.66,0.31,0.44,0.75,0.31,0.75,Matches
0ae418c9,Gia Corley,de GER,M,Wave,23-182,2002,24,21,"1,585",17.6,2,3,5,2,0,0,5,0,3.2,3.2,1.9,5.1,67,64,84,0.11,0.17,0.28,0.11,0.28,0.18,0.11,0.29,0.18,0.29,Matches
ee98152f,Brooklyn Courtnall,ca CAN,D,Bay FC,22-325,2002,7,6,541,6.0,0,0,0,0,0,0,0,0,0.0,0.0,0.0,0.0,2,20,3,0.00,0.00,0.00,0.00,0.00,0.00,0.01,0.01,0.00,0.01,Matches
ee98152f,Brooklyn Courtnall,ca CAN,D,Courage,22-325,2002,2,0,29,0.3,0,0,0,0,0,0,0,0,0.0,0.0,0.0,0.0,2,2,4,0.00,0.00,0.00,0.00,0.00,0.00,0.00,0.00,0.00,0.00,Matches
d3c316a3,Ana-Maria Crnogorčević,ch SUI,F,Reign,35-046,1990,12,5,391,4.3,0,0,0,0,0,0,0,0,0.6,0.6,0.2,0.8,8,11,18,0.00,0.00,0.00,0.00,0.00,0.15,0.05,0.19,0.15,0.19,Matches
1eb67c0e,McKinley Crone,,G,Pride,,,2,1,130,1.4,0,0,0,0,0,0,0,0,0.0,0.0,0.0,0.0,0,0,0,0.00,0.00,0.00,0.00,0.00,0.00,0.00,0.00,0.00,0.00,Matches
939ba0d8,Chardonnay Curran,us USA,M,Chicago Stars,26-092,1999,6,0,79,0.9,0,0,0,0,0,0,1,0,0.2,0.2,0.0,0.2,3,3,7,0.00,0.00,0.00,0.00,0.00,0.19,0.00,0.19,0.19,0.19,Matches
8b5135ec,Madison Curry,us USA,D,Reign,24-299,2001,26,24,"2,085",23.2,0,1,1,0,0,0,2,0,0.5,0.5,1.4,1.9,36,66,95,0.00,0.04,0.04,0.00,0.04,0.02,0.06,0.08,0.02,0.08,Matches
829fd286,Madeline Dahlien,us USA,D,Reign,21-116,2004,26,21,"1,828",20.3,4,4,8,4,0,0,3,0,3.5,3.5,1.9,5.5,57,32,148,0.20,0.20,0.39,0.20,0.39,0.17,0.10,0.27,0.17,0.27,Matches
52b58405,Abby Dahlkemper,us USA,D,Bay FC,32-189,1993,13,13,"1,170",13.0,0,0,0,0,0,0,2,0,0.8,0.8,0.3,1.1,2,38,2,0.00,0.00,0.00,0.00,0.00,0.07,0.02,0.09,0.07,0.09,Matches
006f18aa,Daiane,br BRA,D,Thorns,28-072,1997,7,1,67,0.7,0,0,0,0,0,0,0,0,0.1,0.1,0.0,0.1,0,2,0,0.00,0.00,0.00,0.00,0.00,0.16,0.00,0.16,0.16,0.16,Matches
1cb43c5f,Kenza Dali,fr FRA,M,Wave,34-110,1991,26,26,"2,335",25.9,5,3,8,5,0,0,2,0,2.9,2.9,4.2,7.2,83,182,123,0.19,0.12,0.31,0.19,0.31,0.11,0.16,0.28,0.11,0.28,Matches
543614ff,Tierna Davidson,us USA,D,Gotham FC,27-061,1998,3,3,223,2.5,0,0,0,0,0,0,0,0,0.2,0.2,0.0,0.2,3,12,0,0.00,0.00,0.00,0.00,0.00,0.08,0.00,0.08,0.08,0.08,Matches
85cea0cf,Debinha,br BRA,F,Current,34-029,1991,22,17,"1,462",16.2,8,1,9,7,1,1,0,0,6.0,5.2,3.7,9.0,39,85,122,0.49,0.06,0.55,0.43,0.49,0.38,0.24,0.62,0.33,0.57,Matches
8cfb97f5,Kate Del Fava,us USA,D,Royals,27-118,1998,26,26,"2,340",26.0,0,1,1,0,0,0,5,0,1.5,1.5,0.5,1.9,13,99,10,0.00,0.04,0.04,0.00,0.04,0.06,0.02,0.07,0.06,0.07,Matches
add26dda,Savannah Demelo,us USA,M,Louisville,27-237,1998,18,17,"1,413",15.7,3,2,5,2,1,1,4,0,4.3,3.6,2.6,6.2,24,76,77,0.19,0.13,0.32,0.13,0.25,0.28,0.17,0.44,0.23,0.40,Matches
6b6dbea9,Margie Detrizio,,M,Spirit,,,2,0,9,0.1,0,0,0,0,0,0,0,0,0.0,0.0,0.0,0.0,0,0,0,0.00,0.00,0.00,0.00,0.00,0.29,0.00,0.29,0.29,0.29,Matches
e940a089,Vanessa DiBernardo,us USA,M,Current,33-187,1992,13,11,886,9.8,0,1,1,0,0,0,1,0,0.7,0.7,1.4,2.1,19,58,27,0.00,0.10,0.10,0.00,0.10,0.07,0.14,0.21,0.07,0.21,Matches
5689807c,Claudia Dickey,us USA,G,Reign,25-316,2000,26,26,"2,340",26.0,0,0,0,0,0,0,0,0,0.0,0.0,0.0,0.0,0,0,0,0.00,0.00,0.00,0.00,0.00,0.00,0.00,0.00,0.00,0.00,Matches
2021c04f,Marisa DiGrande,us USA,M,Louisville,28-286,1997,23,5,696,7.7,1,0,1,1,0,0,2,0,0.6,0.6,0.6,1.2,5,28,18,0.13,0.00,0.13,0.13,0.13,0.08,0.07,0.15,0.08,0.15,Matches
2d4436d1,Makenzy Doniak,us USA,F,Wave,31-266,1994,21,4,508,5.6,1,0,1,1,0,0,1,0,1.6,1.6,1.3,2.9,13,19,60,0.18,0.00,0.18,0.18,0.18,0.28,0.24,0.52,0.28,0.52,Matches
cdb82d35,Sara Doorsoun,de GER,D,Angel City,34-001,1991,8,7,632,7.0,0,0,0,0,0,0,1,0,0.2,0.2,0.0,0.2,7,30,1,0.00,0.00,0.00,0.00,0.00,0.03,0.00,0.03,0.03,0.03,Matches
92f8713a,Imani Dorsey,us USA,D,Royals,29-242,1996,17,5,651,7.2,0,0,0,0,0,0,2,0,0.4,0.4,0.2,0.7,10,23,23,0.00,0.00,0.00,0.00,0.00,0.06,0.03,0.09,0.06,0.09,Matches
020fa352,Julie Doyle,us USA,M,Pride,27-080,1998,11,5,410,4.6,1,1,2,1,0,1,0,0,1.2,0.4,0.7,1.1,10,7,30,0.22,0.22,0.44,0.22,0.44,0.26,0.15,0.41,0.10,0.25,Matches
bf45da85,Dudinha,br BRA,F,Wave,20-137,2005,10,7,639,7.1,5,0,5,5,0,0,0,0,1.3,1.3,1.0,2.3,30,18,55,0.70,0.00,0.70,0.70,0.70,0.18,0.14,0.32,0.18,0.32,Matches
662d8aeb,Julie Dufour,fr FRA,F,Angel City,24-173,2001,10,4,370,4.1,0,0,0,0,0,0,1,0,0.0,0.0,0.7,0.8,9,10,18,0.00,0.00,0.00,0.00,0.00,0.01,0.18,0.19,0.01,0.19,Matches
662d8aeb,Julie Dufour,fr FRA,F,Thorns,24-173,2001,5,3,158,1.8,2,0,2,2,0,0,1,0,0.3,0.3,0.3,0.6,2,3,3,1.14,0.00,1.14,1.14,1.14,0.15,0.17,0.32,0.15,0.32,Matches
ae1d3e35,Kiley Dulaney,,D,Spirit,,,1,0,10,0.1,0,0,0,0,0,0,0,0,0.0,0.0,0.0,0.0,0,1,0,0.00,0.00,0.00,0.00,0.00,0.00,0.00,0.00,0.00,0.00,Matches
0b96a829,Evelina Duljan,se SWE,F,Dash,22-190,2003,14,5,455,5.1,1,0,1,1,0,0,0,0,0.3,0.3,0.7,1.0,15,15,35,0.20,0.00,0.20,0.20,0.20,0.06,0.13,0.19,0.06,0.19,Matches
8a2c0e33,Kayla Duran,,D,Gotham FC,,,7,1,97,1.1,0,0,0,0,0,0,0,0,0.2,0.2,0.1,0.3,1,4,5,0.00,0.00,0.00,0.00,0.00,0.16,0.10,0.26,0.16,0.26,Matches
c4f44958,Caprice Dydasco,us USA,D,Bay FC,32-091,1993,26,26,"2,340",26.0,0,1,1,0,0,0,4,0,0.3,0.3,2.0,2.2,38,118,67,0.00,0.04,0.04,0.00,0.04,0.01,0.08,0.09,0.01,0.09,Matches
ace997a7,Cori Dyke,us USA,D,Pride,25-059,2000,22,10,"1,174",13.0,1,0,1,1,0,0,1,0,0.2,0.2,0.3,0.4,16,75,30,0.08,0.00,0.08,0.08,0.08,0.01,0.02,0.03,0.01,0.03,Matches
55930662,Favour Emmanuel,ng NGA,M,Wave,23-072,2002,2,1,69,0.8,0,0,0,0,0,0,1,0,0.0,0.0,0.0,0.0,0,1,0,0.00,0.00,0.00,0.00,0.00,0.00,0.00,0.00,0.00,0.00,Matches
f2284088,Claire Emslie,sct SCO,F,Angel City,31-255,1994,8,7,519,5.8,0,1,1,0,0,0,0,0,1.2,1.2,1.3,2.5,14,21,41,0.00,0.17,0.17,0.00,0.17,0.20,0.23,0.43,0.20,0.43,Matches
f593cab9,Jun Endō,jp JPN,M,Angel City,25-178,2000,10,6,444,4.9,0,1,1,0,0,0,0,0,0.4,0.4,1.2,1.6,8,23,32,0.00,0.20,0.20,0.00,0.20,0.08,0.24,0.32,0.08,0.32,Matches
08f6cf52,Laurina Fazer,fr FRA,M,Wave,22-036,2003,9,6,504,5.6,0,0,0,0,0,0,1,0,0.1,0.1,0.1,0.2,4,17,6,0.00,0.00,0.00,0.00,0.00,0.02,0.01,0.03,0.02,0.03,Matches
28814cc8,Bayley Feist,us USA,M,Current,28-249,1997,9,1,172,1.9,0,0,0,0,0,0,2,0,0.3,0.3,0.1,0.3,3,13,5,0.00,0.00,0.00,0.00,0.00,0.15,0.03,0.18,0.15,0.18,Matches
9eef68fb,Kayla Fischer,us USA,F,Louisville,25-317,2000,21,16,"1,223",13.6,3,3,6,3,0,0,6,1,4.7,4.7,1.8,6.5,23,26,88,0.22,0.22,0.44,0.22,0.44,0.35,0.13,0.48,0.35,0.48,Matches
c4ebeea2,Mia Fishel,us USA,F,Reign,24-202,2001,11,4,340,3.8,0,0,0,0,0,0,0,0,0.5,0.5,0.3,0.8,4,12,16,0.00,0.00,0.00,0.00,0.00,0.14,0.07,0.21,0.14,0.21,Matches
11cfa9d6,Jess Fishlock,wls WAL,M,Reign,38-308,1987,17,8,804,8.9,6,2,8,6,0,0,0,0,2.7,2.7,1.3,4.0,8,37,38,0.67,0.22,0.90,0.67,0.90,0.30,0.15,0.45,0.30,0.45,Matches
e47d2297,Jessie Fleming,ca CAN,M,Thorns,27-252,1998,25,19,"1,702",18.9,2,5,7,1,1,1,1,0,1.9,1.2,3.0,4.2,13,48,47,0.11,0.26,0.37,0.05,0.32,0.10,0.16,0.26,0.06,0.22,Matches
9d2c6180,Taylor Flint,us USA,M,Louisville,26-361,1998,23,23,"2,064",22.9,4,1,5,2,2,2,10,0,4.6,3.1,0.9,4.0,5,126,15,0.17,0.04,0.22,0.09,0.13,0.20,0.04,0.24,0.14,0.17,Matches
fb6f6a24,Lauren Flynn,us USA,D,Royals,23-180,2002,9,6,654,7.3,0,0,0,0,0,0,2,0,0.0,0.0,0.0,0.0,0,14,0,0.00,0.00,0.00,0.00,0.00,0.00,0.00,0.00,0.00,0.00,Matches
2e6a5e3e,Dana Foederer,nl NED,M,Royals,23-114,2002,24,10,"1,051",11.7,0,0,0,0,0,0,4,0,0.5,0.5,0.4,0.9,4,37,21,0.00,0.00,0.00,0.00,0.00,0.04,0.03,0.07,0.04,0.07,Matches
fb6605c0,Bea Franklin,us USA,M,Chicago Stars,25-045,2000,23,18,"1,742",19.4,3,1,4,3,0,0,4,0,2.0,2.0,1.7,3.7,3,50,20,0.15,0.05,0.21,0.15,0.21,0.10,0.09,0.19,0.10,0.19,Matches
243b7b15,Macey Fraser,nz NZL,F,Royals,23-130,2002,5,2,190,2.1,0,0,0,0,0,0,0,0,0.2,0.2,0.0,0.2,0,8,7,0.00,0.00,0.00,0.00,0.00,0.08,0.02,0.10,0.08,0.10,Matches
ee5355a7,Mandy Freeman,us USA,D,Gotham FC,30-240,1995,22,13,"1,270",14.1,0,1,1,0,0,0,0,1,0.0,0.0,0.7,0.7,11,59,19,0.00,0.07,0.07,0.00,0.07,0.00,0.05,0.05,0.00,0.05,Matches
be5200d5,Kennedy Fuller,us USA,M,Angel City,18-254,2007,26,21,"1,850",20.6,4,3,7,4,0,0,1,0,4.4,4.4,2.5,6.9,27,87,79,0.19,0.15,0.34,0.19,0.34,0.21,0.12,0.33,0.21,0.33,Matches
c34d03e3,Jordan Fusco,us USA,M,Wave,22-068,2003,7,0,106,1.2,0,0,0,0,0,0,0,0,0.1,0.1,0.0,0.1,2,3,6,0.00,0.00,0.00,0.00,0.00,0.07,0.00,0.07,0.07,0.07,Matches
8055d335,Ryan Gareis,us USA,M,Dash,27-005,1998,19,11,986,11.0,1,3,4,1,0,0,1,0,0.7,0.7,1.6,2.3,20,21,72,0.09,0.27,0.37,0.09,0.37,0.06,0.15,0.21,0.06,0.21,Matches
f44c4259,Morgan Gautrat,us USA,M,Pride,32-265,1993,11,10,667,7.4,0,1,1,0,0,0,0,0,0.8,0.8,1.7,2.5,3,47,19,0.00,0.13,0.13,0.00,0.13,0.11,0.23,0.34,0.11,0.34,Matches
7c6de047,Justina Gaynor,us USA,D,Chicago Stars,23-332,2001,2,1,72,0.8,0,0,0,0,0,0,1,0,0.0,0.0,0.1,0.1,0,2,0,0.00,0.00,0.00,0.00,0.00,0.00,0.17,0.17,0.00,0.17,Matches
5b5de127,Geyse,br BRA,F,Gotham FC,27-236,1998,17,12,899,10.0,2,2,4,2,0,0,3,1,2.0,2.0,1.0,3.0,29,20,53,0.20,0.20,0.40,0.20,0.40,0.20,0.10,0.30,0.20,0.30,Matches
fc33d14d,Hanna Glas,se SWE,F,Reign,32-216,1993,1,0,1,0.0,0,0,0,0,0,0,0,0,0.0,0.0,0.0,0.0,0,0,0,0.00,0.00,0.00,0.00,0.00,0.00,0.00,0.00,0.00,0.00,Matches
a1ee25ac,Nádia Gomes,pt POR,F,Chicago Stars,29-009,1996,19,7,653,7.3,2,2,4,2,0,0,1,0,1.2,1.2,1.3,2.5,16,12,55,0.28,0.28,0.55,0.28,0.55,0.17,0.18,0.35,0.17,0.35,Matches
8f146dff,Esther González,es ESP,F,Gotham FC,32-345,1992,23,22,"1,911",21.2,13,1,14,11,2,2,2,0,9.4,7.9,2.0,9.9,29,62,116,0.61,0.05,0.66,0.52,0.57,0.44,0.09,0.54,0.37,0.47,Matches
c6122e4b,Sarah Gorden,us USA,D,Angel City,33-066,1992,26,26,"2,273",25.3,0,0,0,0,0,0,2,0,0.0,0.0,0.3,0.3,16,114,3,0.00,0.00,0.00,0.00,0.00,0.00,0.01,0.01,0.00,0.01,Matches
8dc6b01e,Maggie Graham,us USA,M,Dash,23-131,2002,20,16,"1,520",16.9,3,3,6,3,0,0,3,0,2.7,2.7,1.3,4.0,13,39,36,0.18,0.18,0.36,0.18,0.36,0.16,0.08,0.24,0.16,0.24,Matches
ee96ceb8,Shea Groom,us USA,F,Chicago Stars,32-259,1993,14,9,789,8.8,2,0,2,2,0,0,1,0,0.8,0.8,1.5,2.3,12,27,32,0.23,0.00,0.23,0.23,0.23,0.09,0.17,0.26,0.09,0.26,Matches
92075fc4,Julia Grosso,ca CAN,M,Chicago Stars,25-081,2000,24,23,"1,986",22.1,2,3,5,2,0,0,1,0,1.7,1.7,3.0,4.7,31,104,66,0.09,0.14,0.23,0.09,0.23,0.08,0.13,0.21,0.08,0.21,Matches
8d5a8340,Ana María Guzmán,co COL,D,Royals,20-160,2005,5,0,78,0.9,0,0,0,0,0,0,0,0,0.0,0.0,0.0,0.0,0,2,5,0.00,0.00,0.00,0.00,0.00,0.03,0.02,0.05,0.03,0.05,Matches
16368450,Madison Hammond,us USA,M,Angel City,28-003,1997,21,9,927,10.3,0,0,0,0,0,0,1,0,0.9,0.9,0.3,1.2,5,49,15,0.00,0.00,0.00,0.00,0.00,0.09,0.03,0.12,0.09,0.12,Matches
4a296e8e,Caiya Hanks,us USA,F,Thorns,21-053,2004,11,7,636,7.1,2,1,3,2,0,0,1,0,2.0,2.0,1.1,3.0,29,16,62,0.28,0.14,0.42,0.28,0.42,0.28,0.15,0.43,0.28,0.43,Matches
45cf25bf,Haley Hanson,us USA,M,Pride,29-289,1996,26,25,"2,172",24.1,3,4,7,3,0,0,2,0,5.5,5.5,1.4,6.9,19,86,61,0.12,0.17,0.29,0.12,0.29,0.23,0.06,0.29,0.23,0.29,Matches
42ecf0e8,DiDi Haracic,ba BIH,G,Wave,33-220,1992,2,2,180,2.0,0,0,0,0,0,0,0,0,0.0,0.0,0.0,0.0,0,1,0,0.00,0.00,0.00,0.00,0.00,0.00,0.00,0.00,0.00,0.00,Matches
2feb2834,Laila Harbert,eng ENG,F,Thorns,18-319,2007,4,0,62,0.7,0,0,0,0,0,0,0,0,0.0,0.0,0.0,0.0,0,2,0,0.00,0.00,0.00,0.00,0.00,0.00,0.00,0.00,0.00,0.00,Matches
1017b590,Khyah Harper,us USA,F,Gotham FC,23-095,2002,12,2,212,2.4,1,0,1,1,0,0,1,0,0.8,0.8,0.3,1.1,8,4,20,0.42,0.00,0.42,0.42,0.42,0.34,0.14,0.48,0.34,0.48,Matches
d7c8e903,Nya Harrison,us USA,F,Wave,23-009,2002,1,0,1,0.0,0,0,0,0,0,0,0,0,0.0,0.0,0.0,0.0,0,0,0,0.00,0.00,0.00,0.00,0.00,0.00,0.00,0.00,0.00,0.00,Matches
43d2860b,Josefine Hasbo,dk DEN,M,Gotham FC,23-363,2001,9,7,595,6.6,0,0,0,0,0,0,0,0,0.1,0.1,0.0,0.1,2,23,9,0.00,0.00,0.00,0.00,0.00,0.02,0.00,0.02,0.02,0.02,Matches
14de6d32,Ella Hase,us USA,F,Louisville,23-129,2002,23,17,"1,492",16.6,1,1,2,1,0,0,3,0,1.2,1.2,3.2,4.4,34,31,105,0.06,0.06,0.12,0.06,0.12,0.07,0.19,0.26,0.07,0.26,Matches
d2de2f84,Ashley Hatch,us USA,F,Spirit,30-177,1995,10,9,823,9.1,6,1,7,6,0,1,1,0,5.3,4.6,1.4,6.0,14,15,43,0.66,0.11,0.77,0.66,0.77,0.58,0.15,0.73,0.50,0.65,Matches
bb65b66d,Manaka Hayashi,jp JPN,M,Chicago Stars,21-094,2004,17,7,655,7.3,0,1,1,0,0,0,1,0,1.2,1.2,1.3,2.5,6,16,16,0.00,0.14,0.14,0.00,0.14,0.17,0.18,0.35,0.17,0.35,Matches
b7dd09b9,Anna Heilferty,us USA,D,Dash,26-215,1999,5,0,66,0.7,0,0,0,0,0,0,0,0,0.1,0.1,0.0,0.1,1,2,3,0.00,0.00,0.00,0.00,0.00,0.14,0.00,0.14,0.14,0.14,Matches
e5b01fee,Kathrin Hendrich,de GER,D,Chicago Stars,33-226,1992,13,12,"1,099",12.2,0,0,0,0,0,0,0,0,0.5,0.5,0.2,0.7,8,25,0,0.00,0.00,0.00,0.00,0.00,0.04,0.02,0.05,0.04,0.05,Matches
799764cf,Oihane Hernández,es ESP,D,Pride,25-198,2000,20,15,"1,106",12.3,0,2,2,0,0,0,0,0,0.4,0.4,1.7,2.2,32,46,78,0.00,0.16,0.16,0.00,0.16,0.04,0.14,0.18,0.04,0.18,Matches
277ae96a,Hal Hershfelt,us USA,M,Spirit,23-046,2002,18,15,"1,279",14.2,0,2,2,0,0,0,6,1,0.7,0.3,0.6,0.9,11,59,21,0.00,0.14,0.14,0.00,0.14,0.05,0.04,0.09,0.02,0.06,Matches
eb036ce5,Samantha Hiatt,us USA,D,Thorns,27-316,1998,21,20,"1,867",20.7,0,0,0,0,0,0,2,0,0.4,0.4,0.2,0.6,2,54,1,0.00,0.00,0.00,0.00,0.00,0.02,0.01,0.03,0.02,0.03,Matches
1d8b51dd,Rachel Hill,us USA,F,Bay FC,30-215,1995,23,14,"1,231",13.7,2,0,2,2,0,0,3,0,3.8,3.8,1.4,5.2,25,34,85,0.15,0.00,0.15,0.15,0.15,0.28,0.10,0.38,0.28,0.38,Matches
52dd3fee,Sophie Hirst,us USA,M,Thorns,25-266,2000,3,0,39,0.4,0,0,0,0,0,0,0,0,0.0,0.0,0.0,0.0,0,2,1,0.00,0.00,0.00,0.00,0.00,0.00,0.00,0.00,0.00,0.00,Matches
9b45521f,Penelope Hocking,us USA,M,Bay FC,25-324,1999,18,10,864,9.6,6,1,7,6,0,0,1,0,5.3,5.3,0.9,6.1,13,24,57,0.62,0.10,0.73,0.62,0.73,0.55,0.09,0.64,0.55,0.64,Matches
97b96797,Macey Hodge,us USA,M,Angel City,24-198,2001,16,9,755,8.4,1,0,1,1,0,0,6,0,0.8,0.8,0.1,0.9,4,26,3,0.12,0.00,0.12,0.12,0.12,0.09,0.01,0.10,0.09,0.10,Matches
8907c2bd,Shelby Hogan,us USA,G,Gotham FC,27-192,1998,2,2,180,2.0,0,0,0,0,0,0,0,0,0.0,0.0,0.0,0.0,0,0,0,0.00,0.00,0.00,0.00,0.00,0.00,0.00,0.00,0.00,0.00,Matches
09de4066,Shae Holmes,us USA,D,Reign,25-255,2000,16,8,835,9.3,1,0,1,1,0,0,1,0,0.3,0.3,0.1,0.4,2,23,15,0.11,0.00,0.11,0.11,0.11,0.03,0.01,0.04,0.03,0.04,Matches
5d05e9a1,Haley Hopkins,us USA,F,Current,26-332,1998,20,3,440,4.9,1,3,4,1,0,0,1,0,0.8,0.8,1.2,2.1,14,12,40,0.20,0.61,0.82,0.20,0.82,0.17,0.25,0.42,0.17,0.42,Matches
3213cad3,Jaelin Howell,us USA,M,Gotham FC,25-362,1999,25,25,"2,245",24.9,4,1,5,4,0,0,7,1,3.2,3.2,0.7,3.9,34,105,53,0.16,0.04,0.20,0.16,0.20,0.13,0.03,0.16,0.13,0.16,Matches
bc03c54d,Kelli Hubly,us USA,D,Bay FC,31-101,1994,9,7,653,7.3,1,0,1,1,0,0,1,0,0.5,0.5,0.1,0.6,0,9,1,0.14,0.00,0.14,0.14,0.14,0.07,0.02,0.09,0.07,0.09,Matches
570faa60,Sofia Huerta,us USA,D,Reign,32-339,1992,13,13,"1,170",13.0,1,1,2,0,1,1,1,0,1.2,0.4,1.2,1.7,15,43,27,0.08,0.08,0.15,0.00,0.08,0.09,0.09,0.18,0.03,0.13,Matches
e9082a8d,Taylor Huff,us USA,M,Bay FC,23-094,2002,26,26,"2,223",24.7,4,1,5,4,0,0,3,0,5.1,5.1,2.3,7.3,35,97,86,0.16,0.04,0.20,0.16,0.20,0.21,0.09,0.30,0.21,0.30,Matches
3d1f29d9,Jordyn Huitema,ca CAN,F,Reign,24-194,2001,22,18,"1,540",17.1,3,2,5,3,0,0,2,0,3.6,3.6,1.6,5.1,12,40,75,0.18,0.12,0.29,0.18,0.29,0.21,0.09,0.30,0.21,0.30,Matches
7db28545,Claire Hutton,us USA,M,Current,19-311,2006,25,22,"1,818",20.2,0,2,2,0,0,0,4,0,1.3,1.3,1.6,3.0,14,106,28,0.00,0.10,0.10,0.00,0.10,0.07,0.08,0.15,0.07,0.15,Matches
feef7ea8,Laurel Ivory,us USA,G,Current,26-082,1999,2,2,180,2.0,0,0,0,0,0,0,0,0,0.0,0.0,0.0,0.0,0,0,0,0.00,0.00,0.00,0.00,0.00,0.00,0.00,0.00,0.00,0.00,Matches
2e87a8a5,Riley Jackson,us USA,M,Courage,19-351,2005,25,23,"1,963",21.8,2,1,3,1,1,2,3,0,2.8,1.3,2.7,4.0,13,130,34,0.09,0.05,0.14,0.05,0.09,0.13,0.13,0.25,0.06,0.18,Matches
bbda4bbe,Simone Jackson,us USA,M,Pride,22-294,2003,8,1,213,2.4,0,1,1,0,0,0,0,0,0.8,0.8,0.7,1.5,5,4,19,0.00,0.42,0.42,0.00,0.42,0.35,0.28,0.63,0.35,0.63,Matches
c942bc07,Natalie Jacobs,us USA,D,Courage,28-094,1997,6,4,361,4.0,0,0,0,0,0,0,0,0,0.6,0.6,0.0,0.6,5,18,6,0.00,0.00,0.00,0.00,0.00,0.14,0.01,0.15,0.14,0.15,Matches
c942bc07,Natalie Jacobs,us USA,D,Dash,28-094,1997,16,15,"1,358",15.1,0,0,0,0,0,0,1,0,0.3,0.3,0.2,0.5,8,58,7,0.00,0.00,0.00,0.00,0.00,0.02,0.01,0.04,0.02,0.04,Matches
6444e5a0,Angharad James,wls WAL,M,Reign,31-170,1994,14,11,892,9.9,0,0,0,0,0,0,1,0,0.1,0.1,0.6,0.7,0,23,12,0.00,0.00,0.00,0.00,0.00,0.01,0.06,0.07,0.01,0.07,Matches
ce6e8fa2,Sveindís Jane Jónsdóttir,is ISL,F,Angel City,24-166,2001,13,12,"1,026",11.4,1,1,2,1,0,0,1,0,2.1,2.1,2.1,4.1,20,20,76,0.09,0.09,0.18,0.09,0.18,0.18,0.18,0.36,0.18,0.36,Matches
feb132ed,Ellie Jean,us USA,D,Louisville,28-291,1997,23,23,"2,070",23.0,1,0,1,1,0,0,1,0,0.9,0.9,0.2,1.0,7,43,5,0.04,0.00,0.04,0.04,0.04,0.04,0.01,0.04,0.04,0.04,Matches
57cb0988,Mwanalima Jereko,ke KEN,M,Current,28-075,1997,1,0,1,0.0,0,0,0,0,0,0,0,0,0.0,0.0,0.0,0.0,0,0,1,0.00,0.00,0.00,0.00,0.00,0.00,0.00,0.00,0.00,0.00,Matches
285627af,Hannah Johnson,us USA,D,Angel City,22-271,2003,1,0,29,0.3,0,0,0,0,0,0,0,0,0.0,0.0,0.0,0.0,1,1,0,0.00,0.00,0.00,0.00,0.00,0.00,0.00,0.00,0.00,0.00,Matches
a3ac4412,Micayla Johnson,us USA,M,Chicago Stars,17-304,2008,15,0,166,1.8,1,0,1,1,0,0,0,0,0.5,0.5,0.3,0.7,5,4,9,0.54,0.00,0.54,0.54,0.54,0.26,0.14,0.40,0.26,0.40,Matches
e36eb31e,Sydney Jones,,F,Royals,,,1,0,7,0.1,0,0,0,0,0,0,0,0,0.0,0.0,0.0,0.0,0,0,4,0.00,0.00,0.00,0.00,0.00,0.00,0.00,0.00,0.00,0.00,Matches
0f668725,Jameese Joseph,us USA,F,Chicago Stars,23-199,2002,21,16,"1,394",15.5,4,2,6,4,0,0,2,0,4.1,4.1,2.4,6.5,52,26,98,0.26,0.13,0.39,0.26,0.39,0.26,0.16,0.42,0.26,0.42,Matches
b07fc9b6,Mia Justus,us USA,G,Royals,23-076,2002,2,2,180,2.0,0,0,0,0,0,0,1,0,0.0,0.0,0.0,0.0,0,0,0,0.00,0.00,0.00,0.00,0.00,0.00,0.01,0.01,0.00,0.01,Matches
4424fdac,Uchenna Kanu,ng NGA,M,Louisville,28-151,1997,7,0,61,0.7,1,0,1,1,0,0,0,0,0.5,0.5,0.1,0.6,1,2,10,1.48,0.00,1.48,1.48,1.48,0.79,0.12,0.91,0.79,0.91,Matches
8252bc62,Alanna Kennedy,au AUS,M,Angel City,30-301,1995,16,16,"1,347",15.0,1,1,2,1,0,0,0,0,1.4,1.4,0.7,2.1,6,54,13,0.07,0.07,0.13,0.07,0.13,0.09,0.05,0.14,0.09,0.14,Matches
5dfeb94f,Savannah King,us USA,D,Angel City,20-284,2005,8,8,708,7.9,0,0,0,0,0,0,2,0,0.1,0.1,0.0,0.1,1,11,0,0.00,0.00,0.00,0.00,0.00,0.01,0.01,0.02,0.01,0.02,Matches
020eaa4d,Aubrey Kingsbury,us USA,G,Spirit,33-363,1991,25,25,"2,205",24.5,0,0,0,0,0,0,0,0,0.0,0.0,0.0,0.0,0,5,0,0.00,0.00,0.00,0.00,0.00,0.00,0.00,0.00,0.00,0.00,Matches
8e2a7ac1,Cecelia Kizer,us USA,M,Gotham FC,28-133,1997,3,0,38,0.4,0,0,0,0,0,0,0,0,0.0,0.0,0.0,0.0,2,2,4,0.00,0.00,0.00,0.00,0.00,0.00,0.00,0.00,0.00,0.00,Matches
8e2a7ac1,Cecelia Kizer,us USA,F,Royals,28-133,1997,10,5,414,4.6,1,0,1,1,0,0,0,0,0.4,0.4,0.4,0.9,5,9,17,0.22,0.00,0.22,0.22,0.22,0.10,0.10,0.19,0.10,0.19,Matches
1233544d,Rosemonde Kouassi,ci CIV,F,Spirit,23-327,2001,17,11,"1,080",12.0,4,4,8,4,0,0,2,0,4.8,4.8,3.9,8.7,47,23,83,0.33,0.33,0.67,0.33,0.67,0.40,0.33,0.72,0.40,0.72,Matches
580d2856,Shinomi Koyama,jp JPN,M,Courage,20-291,2005,25,16,"1,422",15.8,3,1,4,3,0,0,1,0,4.6,4.6,2.1,6.6,8,77,51,0.19,0.06,0.25,0.19,0.25,0.29,0.13,0.42,0.29,0.42,Matches
ed06502e,Casey Krueger,us USA,D,Spirit,35-087,1990,9,7,599,6.7,1,2,3,1,0,0,0,0,0.6,0.6,0.5,1.1,9,28,22,0.15,0.30,0.45,0.15,0.45,0.09,0.07,0.16,0.09,0.16,Matches
42325547,Natalia Kuikka,fi FIN,D,Chicago Stars,29-352,1995,7,5,355,3.9,0,0,0,0,0,0,0,0,0.5,0.5,0.0,0.5,8,15,5,0.00,0.00,0.00,0.00,0.00,0.12,0.00,0.12,0.12,0.12,Matches
32f48f46,Racheal Kundananji,zm ZAM,F,Bay FC,25-168,2000,24,20,"1,871",20.8,4,4,8,4,0,0,6,0,6.5,6.5,6.2,12.7,71,38,173,0.19,0.19,0.38,0.19,0.38,0.31,0.30,0.61,0.31,0.61,Matches
23b17daa,Kaleigh Kurtz,us USA,D,Courage,28-070,1997,26,26,"2,340",26.0,1,0,1,1,0,0,1,0,0.9,0.9,0.2,1.1,5,82,3,0.04,0.00,0.04,0.04,0.04,0.04,0.01,0.04,0.04,0.04,Matches
e4ef9beb,Lo'eau LaBonta,us USA,M,Current,32-245,1993,23,21,"1,954",21.7,5,0,5,0,5,5,3,0,4.8,1.1,1.5,2.7,12,117,28,0.23,0.00,0.23,0.00,0.00,0.22,0.07,0.29,0.05,0.12,Matches
2af1a4e8,Cloé Lacasse,ca CAN,F,Royals,32-134,1993,12,8,701,7.8,1,1,2,1,0,0,3,0,0.9,0.9,1.2,2.1,29,6,56,0.13,0.13,0.26,0.13,0.26,0.12,0.15,0.27,0.12,0.27,Matches
d3ad7acb,Clarissa Larisey,ca CAN,F,Dash,26-139,1999,10,5,385,4.3,1,1,2,1,0,0,1,0,0.8,0.8,0.6,1.4,2,7,13,0.23,0.23,0.47,0.23,0.47,0.18,0.13,0.32,0.18,0.32,Matches
dcd6a67e,Rose Lavelle,us USA,M,Gotham FC,30-188,1995,16,13,"1,038",11.5,5,2,7,4,1,1,1,0,4.0,3.3,2.5,5.8,25,76,57,0.43,0.17,0.61,0.35,0.52,0.35,0.22,0.57,0.28,0.50,Matches
93daa4eb,Karlie Lema,us USA,F,Bay FC,22-142,2003,24,15,"1,324",14.7,2,1,3,2,0,0,2,0,2.8,2.8,1.6,4.3,34,16,90,0.14,0.07,0.20,0.14,0.20,0.19,0.11,0.29,0.19,0.29,Matches
7bbb977b,Ally Lemos,us USA,M,Pride,21-259,2004,26,16,"1,432",15.9,0,0,0,0,0,0,4,0,1.1,1.0,0.9,1.9,8,70,44,0.00,0.00,0.00,0.00,0.00,0.07,0.06,0.12,0.07,0.12,Matches
15c7bfb7,Adriana Leon,ca CAN,F,Wave,33-047,1992,26,17,"1,379",15.3,4,3,7,4,0,0,2,0,6.4,6.4,1.7,8.1,28,19,99,0.26,0.20,0.46,0.26,0.46,0.42,0.11,0.53,0.42,0.53,Matches
fa5e9ae1,Katie Lind,us USA,D,Dash,31-276,1994,16,13,"1,173",13.0,0,0,0,0,0,0,0,0,0.7,0.7,0.6,1.4,0,17,0,0.00,0.00,0.00,0.00,0.00,0.06,0.05,0.11,0.06,0.11,Matches
364b1359,Payton Linnehan,us USA,F,Courage,24-238,2001,9,6,490,5.4,0,2,2,0,0,0,0,0,0.4,0.4,1.6,2.0,11,16,58,0.00,0.37,0.37,0.00,0.37,0.07,0.29,0.37,0.07,0.37,Matches
364b1359,Payton Linnehan,us USA,F,Thorns,24-238,2001,13,4,432,4.8,1,0,1,1,0,0,0,0,1.5,1.5,0.4,2.0,16,8,56,0.21,0.00,0.21,0.21,0.21,0.31,0.09,0.41,0.31,0.41,Matches
db66f7ba,Valerin Loboa,co COL,F,Thorns,18-138,2007,2,0,37,0.4,0,0,0,0,0,0,0,0,0.0,0.0,0.0,0.0,0,0,1,0.00,0.00,0.00,0.00,0.00,0.00,0.00,0.00,0.00,0.00,Matches
ea429c45,Alex Loera,us USA,M,Royals,26-152,1999,1,0,7,0.1,0,0,0,0,0,0,0,0,0.0,0.0,0.0,0.0,0,2,0,0.00,0.00,0.00,0.00,0.00,0.21,0.00,0.21,0.21,0.21,Matches
8f97c19a,Mary Long,us USA,F,Current,18-298,2007,10,1,186,2.1,0,1,1,0,0,0,0,0,0.5,0.5,0.1,0.6,3,6,18,0.00,0.48,0.48,0.00,0.48,0.22,0.07,0.29,0.22,0.29,Matches
3ca55cb5,Maitane López Millán,es ESP,M,Chicago Stars,30-250,1995,22,20,"1,650",18.3,0,2,2,0,0,0,1,0,0.5,0.5,0.5,1.0,7,51,12,0.00,0.11,0.11,0.00,0.11,0.03,0.02,0.05,0.03,0.05,Matches
0ce1f38f,Lorena,br BRA,G,Current,28-196,1997,24,24,"2,160",24.0,0,0,0,0,0,0,0,0,0.0,0.0,0.0,0.0,0,0,0,0.00,0.00,0.00,0.00,0.00,0.00,0.00,0.00,0.00,0.00,Matches
55455231,Luana,br BRA,M,Pride,32-200,1993,4,0,42,0.5,0,0,0,0,0,0,1,0,0.0,0.0,0.2,0.2,0,2,3,0.00,0.00,0.00,0.00,0.00,0.00,0.36,0.36,0.00,0.36,Matches
7fa57813,Ludmila,br BRA,F,Chicago Stars,30-352,1994,24,21,"1,821",20.2,10,1,11,10,0,0,3,0,5.7,5.7,2.7,8.3,54,40,144,0.49,0.05,0.54,0.49,0.54,0.28,0.13,0.41,0.28,0.41,Matches
e70a7484,Katie Lund,us USA,G,Louisville,28-356,1996,6,6,540,6.0,0,0,0,0,0,0,0,0,0.0,0.0,0.0,0.0,0,0,0,0.00,0.00,0.00,0.00,0.00,0.00,0.00,0.00,0.00,0.00,Matches
37ed9d8f,Hanna Lundkvist,se SWE,D,Wave,23-124,2002,26,24,"2,125",23.6,1,3,4,1,0,0,2,0,0.3,0.3,1.9,2.2,57,125,79,0.04,0.13,0.17,0.04,0.17,0.01,0.08,0.09,0.01,0.09,Matches
bab2c5ab,Tyler Lussi,us USA,F,Courage,30-296,1995,21,14,"1,188",13.2,2,1,3,2,0,0,3,0,2.4,2.4,1.9,4.2,18,32,84,0.15,0.08,0.23,0.15,0.23,0.18,0.14,0.32,0.18,0.32,Matches
388948a7,Hailie Mace,us USA,D,Current,28-239,1997,23,15,"1,524",16.9,0,5,5,0,0,0,2,0,0.2,0.2,1.4,1.6,13,57,9,0.00,0.30,0.30,0.00,0.30,0.01,0.08,0.09,0.01,0.09,Matches
90ebe6bf,Sandy MacIver,sct SCO,G,Spirit,27-153,1998,2,1,135,1.5,0,0,0,0,0,0,0,0,0.0,0.0,0.0,0.0,0,0,0,0.00,0.00,0.00,0.00,0.00,0.00,0.00,0.00,0.00,0.00,Matches
453fa0c0,Halle Mackiewicz,us USA,G,Chicago Stars,24-055,2001,4,3,271,3.0,0,0,0,0,0,0,0,0,0.0,0.0,0.0,0.0,0,0,0,0.00,0.00,0.00,0.00,0.00,0.00,0.00,0.00,0.00,0.00,Matches
32a8537f,Heather Macnab,,M,Courage,,,2,0,2,0.0,0,0,0,0,0,0,0,0,0.0,0.0,0.0,0.0,1,0,0,0.00,0.00,0.00,0.00,0.00,0.00,1.08,1.08,0.00,1.08,Matches
95bc15ef,Maiara,br BRA,M,Angel City,21-099,2004,14,4,482,5.4,2,0,2,2,0,0,3,0,2.2,2.2,0.8,3.0,11,13,22,0.37,0.00,0.37,0.37,0.37,0.40,0.15,0.55,0.40,0.55,Matches
a0c8f7b2,Taylor Malham,us USA,D,Chicago Stars,26-182,1999,26,26,"2,340",26.0,0,1,1,0,0,0,4,0,0.4,0.4,1.9,2.3,30,84,61,0.00,0.04,0.04,0.00,0.04,0.02,0.07,0.09,0.02,0.09,Matches
50bf36a3,Alyssa Malonson,us USA,D,Bay FC,26-223,1999,26,21,"1,909",21.2,1,5,6,1,0,0,4,0,0.7,0.7,2.8,3.5,47,93,80,0.05,0.24,0.28,0.05,0.28,0.03,0.13,0.16,0.03,0.16,Matches
3857e361,Marta,br BRA,F,Pride,39-272,1986,22,18,"1,593",17.7,4,1,5,1,3,3,0,0,4.2,2.1,4.0,6.1,48,80,105,0.23,0.06,0.28,0.06,0.11,0.24,0.23,0.47,0.12,0.34,Matches
d67e21a2,Lacho Marta,ao ANG,F,Current,26-247,1999,6,2,157,1.7,0,0,0,0,0,0,0,0,0.2,0.2,0.2,0.4,4,9,13,0.00,0.00,0.00,0.00,0.00,0.13,0.12,0.24,0.13,0.24,Matches
b26a8c1f,Nealy Martin,us USA,M,Gotham FC,27-210,1998,16,12,"1,060",11.8,0,1,1,0,0,0,2,0,0.2,0.2,0.4,0.6,3,30,11,0.00,0.08,0.08,0.00,0.08,0.02,0.04,0.05,0.02,0.05,Matches
b26a8c1f,Nealy Martin,us USA,M,Angel City,27-210,1998,7,6,585,6.5,0,1,1,0,0,0,1,0,0.2,0.2,0.5,0.7,4,25,13,0.00,0.15,0.15,0.00,0.15,0.02,0.08,0.11,0.02,0.11,Matches
9be20864,Brianna Martinez,us USA,F,Pride,25-210,2000,1,0,1,0.0,0,0,0,0,0,0,0,0,0.0,0.0,0.0,0.0,0,1,1,0.00,0.00,0.00,0.00,0.00,0.00,0.00,0.00,0.00,0.00,Matches
ce4f4c97,Emily Mason,us USA,D,Reign,23-026,2002,12,2,260,2.9,0,0,0,0,0,0,2,0,0.0,0.0,0.0,0.0,4,7,3,0.00,0.00,0.00,0.00,0.00,0.00,0.01,0.01,0.00,0.01,Matches
a4a65861,Manaka Matsukubo,jp JPN,F,Courage,21-113,2004,26,24,"2,098",23.3,11,4,15,11,0,1,4,0,11.6,10.8,4.3,15.1,41,101,151,0.47,0.17,0.64,0.47,0.64,0.50,0.18,0.68,0.46,0.65,Matches
cfd40479,Sophia Mattice,us USA,D,Angel City,23-146,2002,3,0,27,0.3,0,0,0,0,0,0,0,0,0.0,0.0,0.0,0.0,1,1,2,0.00,0.00,0.00,0.00,0.00,0.00,0.00,0.00,0.00,0.00,Matches
220b9b36,Ainsley Mccammon,us USA,M,Reign,18-094,2007,16,7,579,6.4,1,0,1,1,0,0,0,0,0.8,0.8,0.2,1.0,1,33,10,0.16,0.00,0.16,0.16,0.16,0.12,0.03,0.16,0.12,0.16,Matches
8546d3ab,Savannah McCaskill,us USA,M,Wave,29-110,1996,21,20,"1,791",19.9,1,0,1,1,0,0,4,0,0.5,0.5,1.2,1.7,5,124,22,0.05,0.00,0.05,0.05,0.05,0.02,0.06,0.08,0.02,0.08,Matches
f02cb699,Phoebe McClernon,us USA,D,Reign,27-340,1997,25,24,"2,166",24.1,0,0,0,0,0,0,2,0,0.2,0.2,0.0,0.3,5,53,1,0.00,0.00,0.00,0.00,0.00,0.01,0.00,0.01,0.01,0.01,Matches
36355319,Amanda McGlynn,us USA,G,Royals,27-015,1998,24,24,"2,160",24.0,0,1,1,0,0,0,3,0,0.0,0.0,0.8,0.8,1,0,0,0.00,0.04,0.04,0.00,0.04,0.00,0.03,0.03,0.00,0.03,Matches
1af74efc,Mallie McKenzie,us USA,D,Thorns,25-005,2000,23,8,916,10.2,0,0,0,0,0,0,1,0,0.2,0.2,0.6,0.8,8,16,22,0.00,0.00,0.00,0.00,0.00,0.02,0.06,0.07,0.02,0.07,Matches
2d8ec240,Tara McKeown,us USA,D,Spirit,26-139,1999,25,24,"2,096",23.3,0,2,2,0,0,0,3,0,0.9,0.9,3.0,3.9,23,90,13,0.00,0.09,0.09,0.00,0.09,0.04,0.13,0.17,0.04,0.17,Matches
9bd465d8,Quincy McMahon,us USA,D,Wave,22-053,2003,7,0,12,0.1,0,0,0,0,0,0,0,0,0.1,0.1,0.1,0.1,3,2,3,0.00,0.00,0.00,0.00,0.00,0.38,0.69,1.07,0.38,1.07,Matches
7cb8a975,Kristen McNabb,us USA,D,Wave,31-215,1994,23,19,"1,764",19.6,2,0,2,2,0,0,3,0,1.3,1.3,0.2,1.5,4,58,9,0.10,0.00,0.10,0.10,0.10,0.07,0.01,0.08,0.07,0.08,Matches
acbf23b6,Emily Menges,us USA,D,Bay FC,33-113,1992,5,3,260,2.9,0,0,0,0,0,0,1,0,0.0,0.0,0.0,0.0,2,17,0,0.00,0.00,0.00,0.00,0.00,0.00,0.00,0.00,0.00,0.00,Matches
77f494bb,Sally Menti,us USA,M,Reign,23-253,2002,15,10,972,10.8,1,1,2,1,0,0,4,0,1.1,1.1,0.6,1.7,9,39,22,0.09,0.09,0.19,0.09,0.19,0.10,0.05,0.16,0.10,0.16,Matches
bfa99222,Maddie Mercado,us USA,F,Reign,24-231,2001,14,6,551,6.1,0,1,1,0,0,0,1,0,0.9,0.9,0.5,1.4,10,14,35,0.00,0.16,0.16,0.00,0.16,0.15,0.08,0.23,0.15,0.23,Matches
9fef2983,Paige Metayer,us USA,D,Spirit,25-056,2000,9,4,420,4.7,0,1,1,0,0,0,0,0,0.8,0.8,0.2,1.0,12,21,22,0.00,0.21,0.21,0.00,0.21,0.17,0.04,0.22,0.17,0.22,Matches
c5863809,Samantha Meza,us USA,M,Reign,24-011,2001,26,21,"1,954",21.7,0,1,1,0,0,0,2,0,0.5,0.5,1.4,1.9,17,63,20,0.00,0.05,0.05,0.00,0.05,0.02,0.06,0.09,0.02,0.09,Matches
08569d75,Lauren Milliet,us USA,D,Louisville,28-352,1996,19,16,"1,523",16.9,0,1,1,0,0,0,0,0,0.3,0.3,1.6,1.9,30,86,33,0.00,0.06,0.06,0.00,0.06,0.02,0.09,0.11,0.02,0.11,Matches
7bb60dd3,Narumi Miura,jp JPN,M,Spirit,28-138,1997,23,20,"1,654",18.4,0,3,3,0,0,0,5,0,1.0,1.0,2.2,3.2,9,70,51,0.00,0.16,0.16,0.00,0.16,0.05,0.12,0.17,0.05,0.17,Matches
2625e415,Paige Monaghan,us USA,F,Royals,29-005,1996,16,14,"1,057",11.7,5,2,7,5,0,0,5,0,3.2,3.2,0.6,3.8,26,22,50,0.43,0.17,0.60,0.43,0.60,0.27,0.05,0.32,0.27,0.32,Matches
5307f686,Gift Monday,ng NGA,F,Spirit,23-344,2001,22,13,"1,276",14.2,8,2,10,8,0,0,2,0,7.8,7.8,2.9,10.8,32,22,80,0.56,0.14,0.71,0.56,0.71,0.55,0.21,0.76,0.55,0.76,Matches
91c05463,Nérilia Mondésir,ht HAI,M,Reign,26-305,1999,20,11,"1,011",11.2,0,0,0,0,0,0,4,0,1.2,1.2,0.7,1.9,29,27,58,0.00,0.00,0.00,0.00,0.00,0.10,0.06,0.17,0.10,0.17,Matches
271c5edc,Anna Moorhouse,eng ENG,G,Pride,30-233,1995,25,25,"2,210",24.6,0,0,0,0,0,0,0,0,0.0,0.0,0.0,0.0,0,3,0,0.00,0.00,0.00,0.00,0.00,0.00,0.00,0.00,0.00,0.00,Matches
da57cca7,Madeline Moreau,us USA,D,Bay FC,24-348,2000,15,5,431,4.8,0,0,0,0,0,0,1,0,0.7,0.7,0.2,0.9,10,12,16,0.00,0.00,0.00,0.00,0.00,0.14,0.05,0.19,0.14,0.19,Matches
ecacba26,Esme Morgan,eng ENG,D,Spirit,25-031,2000,25,21,"1,956",21.7,2,2,4,2,0,0,2,0,1.3,1.3,0.8,2.0,15,95,5,0.09,0.09,0.18,0.09,0.18,0.06,0.04,0.09,0.06,0.09,Matches
2ae9e277,Miyabi Moriya,jp JPN,D,Angel City,29-088,1996,25,13,"1,423",15.8,1,2,3,1,0,0,1,0,0.6,0.6,1.9,2.5,13,49,61,0.06,0.13,0.19,0.06,0.19,0.04,0.12,0.16,0.04,0.16,Matches
4059a68f,Makenna Morris,us USA,D,Louisville,23-206,2002,6,4,338,3.8,0,0,0,0,0,0,0,0,0.3,0.3,0.1,0.4,1,14,4,0.00,0.00,0.00,0.00,0.00,0.09,0.03,0.12,0.09,0.12,Matches
4059a68f,Makenna Morris,us USA,F,Spirit,23-206,2002,16,10,862,9.6,1,0,1,1,0,0,0,0,1.5,1.5,0.9,2.4,11,27,42,0.10,0.00,0.10,0.10,0.10,0.16,0.09,0.25,0.16,0.25,Matches
197fe553,Perle Morroni,fr FRA,D,Wave,28-034,1997,25,23,"2,069",23.0,1,4,5,1,0,0,3,0,0.9,0.9,2.1,3.0,49,85,110,0.04,0.17,0.22,0.04,0.22,0.04,0.09,0.13,0.04,0.13,Matches
3ee50ac6,Olivia Moultrie,us USA,M,Thorns,20-062,2005,26,24,"2,161",24.0,8,1,9,7,1,2,1,0,5.6,4.1,5.1,9.2,70,122,95,0.33,0.04,0.37,0.29,0.33,0.23,0.21,0.44,0.17,0.38,Matches
5b88fd9c,Brecken Mozingo,us USA,F,Royals,24-255,2001,23,13,"1,174",13.0,3,0,3,3,0,0,0,0,2.1,2.1,1.8,3.9,31,18,77,0.23,0.00,0.23,0.23,0.23,0.16,0.14,0.30,0.16,0.30,Matches
493c384e,Casey Murphy,us USA,G,Courage,29-207,1996,21,21,"1,890",21.0,0,0,0,0,0,0,0,0,0.0,0.0,0.0,0.0,0,1,0,0.00,0.00,0.00,0.00,0.00,0.00,0.00,0.00,0.00,0.00,Matches
6fe0b3fe,Lily Nabet,us USA,M,Angel City,26-055,1999,1,0,1,0.0,0,0,0,0,0,0,0,0,0.0,0.0,0.0,0.0,0,0,0,0.00,0.00,0.00,0.00,0.00,0.00,0.00,0.00,0.00,0.00,Matches
4c1ee572,Alyssa Naeher,us USA,G,Chicago Stars,37-212,1988,23,23,"2,069",23.0,1,0,1,1,0,0,0,0,0.9,0.9,0.1,1.0,0,0,0,0.04,0.00,0.04,0.04,0.04,0.04,0.00,0.04,0.04,0.04,Matches
6ddcbd4c,Aria Nagai,,M,Royals,,,11,7,579,6.4,0,0,0,0,0,0,1,0,0.0,0.0,0.1,0.1,2,20,5,0.00,0.00,0.00,0.00,0.00,0.00,0.01,0.02,0.00,0.02,Matches
72e66627,Leilanni Nesbeth,bm BER,M,Chicago Stars,24-124,2001,10,2,227,2.5,0,0,0,0,0,0,5,0,0.0,0.0,0.3,0.3,2,6,7,0.00,0.00,0.00,0.00,0.00,0.01,0.10,0.11,0.01,0.11,Matches
2a0f0a55,Paige Nielsen,us USA,D,Dash,32-035,1993,26,24,"2,217",24.6,1,0,1,1,0,0,1,0,1.8,1.8,0.1,1.9,17,73,5,0.04,0.00,0.04,0.04,0.04,0.07,0.00,0.08,0.07,0.08,Matches
4c2ad3f9,Stella Nyamekye,gh GHA,M,Gotham FC,20-061,2005,2,0,24,0.3,0,0,0,0,0,0,0,0,0.0,0.0,0.0,0.0,0,0,0,0.00,0.00,0.00,0.00,0.00,0.00,0.00,0.00,0.00,0.00,Matches
2f3ffc2d,Denise O'Sullivan,ie IRL,M,Courage,31-287,1994,18,17,"1,506",16.7,0,2,2,0,0,0,2,0,0.7,0.7,1.2,1.9,17,75,36,0.00,0.12,0.12,0.00,0.12,0.04,0.07,0.11,0.04,0.11,Matches
a2fa9566,Isabella Obaze,dk DEN,D,Thorns,23-019,2002,21,21,"1,679",18.7,0,0,0,0,0,0,0,0,0.2,0.2,0.3,0.5,7,42,8,0.00,0.00,0.00,0.00,0.00,0.01,0.01,0.03,0.01,0.03,Matches
80442566,Chiamaka Okwuchukwu,ng NGA,F,Wave,20-103,2005,3,1,144,1.6,1,0,1,1,0,0,0,0,0.2,0.2,0.2,0.3,2,2,12,0.62,0.00,0.62,0.62,0.62,0.11,0.10,0.21,0.11,0.21,Matches
b4ce93ce,Bárbara Olivieri,ve VEN,F,Dash,23-267,2002,13,10,890,9.9,2,2,4,2,0,0,3,0,2.4,2.4,1.6,3.9,13,41,40,0.20,0.20,0.40,0.20,0.40,0.24,0.16,0.40,0.24,0.40,Matches
0a85fee3,Diana Ordoñez,mx MEX,F,Dash,24-053,2001,3,1,72,0.8,0,0,0,0,0,0,0,0,0.5,0.5,0.0,0.5,1,1,1,0.00,0.00,0.00,0.00,0.00,0.61,0.00,0.61,0.61,0.61,Matches
23a1662b,Asisat Oshoala,ng NGA,F,Bay FC,31-040,1994,12,5,462,5.1,0,0,0,0,0,0,1,0,0.9,0.9,0.3,1.2,6,8,33,0.00,0.00,0.00,0.00,0.00,0.17,0.06,0.23,0.17,0.23,Matches
5544fc75,Lizbeth Ovalle,mx MEX,F,Pride,26-030,1999,8,7,665,7.4,1,2,3,1,0,0,1,0,1.9,1.9,2.3,4.2,17,19,64,0.14,0.27,0.41,0.14,0.41,0.25,0.32,0.57,0.25,0.57,Matches
c6b94261,Katie O’Kane,,M,Louisville,,,26,16,"1,363",15.1,1,3,4,1,0,0,2,0,1.7,1.7,1.6,3.4,8,49,44,0.07,0.20,0.26,0.07,0.26,0.11,0.11,0.22,0.11,0.22,Matches
883f60f8,Avery Patterson,us USA,D,Dash,23-157,2002,22,22,"1,870",20.8,3,2,5,3,0,0,2,0,1.9,1.9,2.3,4.2,66,67,76,0.14,0.10,0.24,0.14,0.24,0.09,0.11,0.20,0.09,0.20,Matches
bdd9289e,Catherine Paulson,us USA,F,Bay FC,24-013,2001,6,1,96,1.1,0,0,0,0,0,0,0,0,0.2,0.2,0.0,0.2,1,1,4,0.00,0.00,0.00,0.00,0.00,0.14,0.00,0.14,0.14,0.14,Matches
e15b6ffd,Jayden Perry,us USA,D,Thorns,24-271,2001,18,14,"1,301",14.5,3,1,4,0,3,3,2,0,2.6,0.4,0.1,0.4,5,38,4,0.21,0.07,0.28,0.00,0.07,0.18,0.00,0.18,0.03,0.03,Matches
05d6a62d,Courtney Petersen,us USA,D,Louisville,28-021,1997,24,23,"2,070",23.0,0,3,3,0,0,0,2,0,0.5,0.5,3.2,3.8,11,79,21,0.00,0.13,0.13,0.00,0.13,0.02,0.14,0.16,0.02,0.16,Matches
f78523f1,Alex Pfeiffer,us USA,F,Current,17-357,2007,4,1,95,1.1,0,0,0,0,0,0,0,0,0.1,0.1,0.3,0.4,4,2,11,0.00,0.00,0.00,0.00,0.00,0.08,0.29,0.37,0.08,0.37,Matches
124d6db5,Casey Phair,kr KOR,F,Angel City,18-142,2007,5,0,90,1.0,0,0,0,0,0,0,0,0,0.0,0.0,0.1,0.1,3,1,2,0.00,0.00,0.00,0.00,0.00,0.00,0.12,0.12,0.00,0.12,Matches
61531e4e,Carson Pickett,us USA,D,Pride,32-064,1993,22,14,"1,280",14.2,3,2,5,3,0,0,0,0,1.2,1.2,1.5,2.7,18,59,80,0.21,0.14,0.35,0.21,0.35,0.09,0.11,0.19,0.09,0.19,Matches
938dc3a8,Kiki Pickett,us USA,M,Bay FC,26-202,1999,19,13,"1,157",12.9,2,0,2,2,0,0,4,0,0.2,0.2,0.3,0.5,2,57,12,0.16,0.00,0.16,0.16,0.16,0.02,0.02,0.04,0.02,0.04,Matches
350886ec,Elli Pikkujämsä,fi FIN,M,Louisville,26-025,1999,1,0,9,0.1,0,0,0,0,0,0,0,0,0.0,0.0,0.0,0.0,0,1,0,0.00,0.00,0.00,0.00,0.00,0.00,0.00,0.00,0.00,0.00,Matches
57045f36,Brianna Pinto,us USA,F,Courage,25-178,2000,19,6,578,6.4,3,0,3,3,0,0,0,0,2.6,2.6,0.3,2.9,1,9,21,0.47,0.00,0.47,0.47,0.47,0.41,0.05,0.46,0.41,0.46,Matches
78d285e6,Madison Pogarch,us USA,D,Royals,28-013,1997,18,5,743,8.3,0,0,0,0,0,0,2,0,0.1,0.1,0.2,0.4,7,21,12,0.00,0.00,0.00,0.00,0.00,0.02,0.03,0.05,0.02,0.05,Matches
8dd703ab,Gabi Portilho,br BRA,F,Gotham FC,30-123,1995,17,11,974,10.8,3,3,6,3,0,0,3,0,2.1,2.1,2.4,4.5,28,27,95,0.28,0.28,0.55,0.28,0.55,0.19,0.22,0.41,0.19,0.41,Matches
08a0adb8,Lara Prašnikar,si SVN,F,Royals,27-102,1998,5,1,209,2.3,0,1,1,0,0,0,1,0,0.4,0.4,0.5,0.9,4,7,11,0.00,0.43,0.43,0.00,0.43,0.18,0.22,0.40,0.18,0.40,Matches
fe95f6e7,Christen Press,us USA,F,Angel City,36-324,1988,22,2,462,5.1,1,0,1,1,0,0,0,0,1.1,1.1,0.3,1.4,8,11,41,0.19,0.00,0.19,0.19,0.19,0.21,0.07,0.28,0.21,0.28,Matches
9c06c97c,Nichelle Prince,ca CAN,F,Current,30-272,1995,21,6,754,8.4,1,1,2,1,0,0,1,0,1.3,1.3,0.7,2.0,26,7,73,0.12,0.12,0.24,0.12,0.24,0.15,0.09,0.24,0.15,0.24,Matches
088dd3ef,Sarah Puntigam,at AUT,M,Dash,33-036,1992,17,7,684,7.6,0,1,1,0,0,0,2,1,0.5,0.5,0.8,1.3,2,33,19,0.00,0.13,0.13,0.00,0.13,0.06,0.10,0.17,0.06,0.17,Matches
c94c70bc,Margaret Purce,us USA,F,Gotham FC,30-061,1995,20,11,"1,074",11.9,1,1,2,1,0,0,1,0,1.6,1.6,2.0,3.6,46,33,92,0.08,0.08,0.17,0.08,0.17,0.14,0.16,0.30,0.14,0.30,Matches
a5d0b32a,Nuria Rábano,es ESP,D,Royals,26-156,1999,22,21,"1,624",18.0,0,2,2,0,0,0,5,0,0.1,0.1,1.5,1.6,29,56,22,0.00,0.11,0.11,0.00,0.11,0.01,0.08,0.09,0.01,0.09,Matches
d1a10776,Rafaelle,br BRA,D,Pride,34-153,1991,12,10,813,9.0,0,0,0,0,0,0,3,0,0.6,0.6,0.2,0.8,2,31,0,0.00,0.00,0.00,0.00,0.00,0.07,0.02,0.08,0.07,0.08,Matches
34603a7a,Brittany Ratcliffe,us USA,F,Spirit,31-284,1994,14,6,566,6.3,1,1,2,1,0,0,0,0,0.3,0.3,0.9,1.2,14,9,50,0.16,0.16,0.32,0.16,0.32,0.04,0.15,0.19,0.04,0.19,Matches
01079eae,Felicitas Rauch,de GER,D,Courage,29-202,1996,10,8,671,7.5,2,1,3,2,0,0,1,0,0.8,0.8,2.6,3.4,6,15,28,0.27,0.13,0.40,0.27,0.40,0.11,0.35,0.46,0.11,0.46,Matches
aa902703,Lilly Reale,us USA,D,Gotham FC,22-098,2003,26,21,"1,945",21.6,1,1,2,1,0,0,1,0,1.4,1.4,1.2,2.6,39,104,60,0.05,0.05,0.09,0.05,0.09,0.06,0.06,0.12,0.06,0.12,Matches
eba11dbe,KK Ream,us USA,F,Royals,16-134,2009,9,1,180,2.0,1,0,1,1,0,0,0,0,0.7,0.7,0.6,1.3,4,1,7,0.50,0.00,0.50,0.50,0.50,0.33,0.31,0.65,0.33,0.65,Matches
d66e970b,Megan Reid,us USA,D,Angel City,29-223,1996,18,9,896,10.0,0,0,0,0,0,0,1,0,0.5,0.5,0.2,0.7,2,22,2,0.00,0.00,0.00,0.00,0.00,0.05,0.02,0.07,0.05,0.07,Matches
bf9f8b7f,Reyna Reyes,mx MEX,D,Thorns,24-275,2001,26,25,"2,201",24.5,3,1,4,3,0,0,4,0,1.7,1.6,1.1,2.7,28,89,61,0.12,0.04,0.16,0.12,0.16,0.07,0.05,0.11,0.06,0.11,Matches
32b99c02,Chloe Ricketts,us USA,M,Spirit,18-179,2007,7,2,163,1.8,0,0,0,0,0,0,0,0,0.1,0.1,0.0,0.1,0,3,3,0.00,0.00,0.00,0.00,0.00,0.03,0.00,0.03,0.03,0.03,Matches
32b99c02,Chloe Ricketts,us USA,M,Dash,18-179,2007,1,0,8,0.1,0,0,0,0,0,0,0,0,0.0,0.0,0.0,0.0,0,0,0,0.00,0.00,0.00,0.00,0.00,0.00,0.00,0.00,0.00,0.00,Matches
c99616d8,Kaleigh Riehl,us USA,D,Royals,29-028,1996,12,10,831,9.2,1,1,2,1,0,0,1,0,0.2,0.2,0.1,0.3,1,12,1,0.11,0.11,0.22,0.11,0.22,0.02,0.01,0.03,0.02,0.03,Matches
c65fc5cf,Ali Riley,nz NZL,D,Angel City,38-019,1987,2,0,10,0.1,0,0,0,0,0,0,0,0,0.0,0.0,0.0,0.0,0,0,0,0.00,0.00,0.00,0.00,0.00,0.00,0.00,0.00,0.00,0.00,Matches
8cde90f5,Gabrielle Robinson,us USA,D,Current,24-153,2001,8,6,399,4.4,0,0,0,0,0,0,0,1,0.3,0.3,0.0,0.3,3,14,0,0.00,0.00,0.00,0.00,0.00,0.06,0.00,0.06,0.06,0.06,Matches
56f16bc7,Cari Roccaro,us USA,D,Chicago Stars,31-123,1994,14,14,"1,206",13.4,0,0,0,0,0,0,2,0,0.0,0.0,0.0,0.0,0,18,1,0.00,0.00,0.00,0.00,0.00,0.00,0.00,0.00,0.00,0.00,Matches
74911ec6,Trinity Rodman,us USA,F,Spirit,23-182,2002,15,9,932,10.4,5,2,7,5,0,1,0,0,4.9,4.1,1.6,5.7,34,18,104,0.48,0.19,0.68,0.48,0.68,0.48,0.15,0.63,0.40,0.55,Matches
43d5b985,Isabel Rodriguez,us USA,D,Current,26-219,1999,26,22,"2,076",23.1,1,6,7,1,0,0,1,0,1.0,1.0,4.6,5.6,49,90,103,0.04,0.26,0.30,0.04,0.30,0.04,0.20,0.24,0.04,0.24,Matches
362b4969,Raquel Rodríguez,cr CRC,M,Current,32-021,1993,20,7,716,8.0,0,0,0,0,0,0,4,0,0.4,0.4,0.2,0.6,3,50,9,0.00,0.00,0.00,0.00,0.00,0.05,0.03,0.07,0.05,0.07,Matches
22502cce,Yazmeen Ryan,us USA,F,Dash,26-266,1999,24,24,"2,160",24.0,4,3,7,4,0,1,1,0,5.3,4.6,3.7,8.3,70,84,136,0.17,0.12,0.29,0.17,0.29,0.22,0.16,0.38,0.19,0.35,Matches
714e5fef,Emily Sams,us USA,D,Pride,26-140,1999,25,24,"2,183",24.3,0,0,0,0,0,0,1,0,0.1,0.1,0.4,0.5,31,158,31,0.00,0.00,0.00,0.00,0.00,0.00,0.02,0.02,0.00,0.02,Matches
9ced946b,Ashley Sanchez,us USA,F,Courage,26-247,1999,23,17,"1,407",15.6,2,2,4,2,0,0,0,0,2.9,2.9,4.0,6.9,37,68,94,0.13,0.13,0.26,0.13,0.26,0.18,0.26,0.44,0.18,0.44,Matches
bd325738,Maria Sanchez,mx MEX,F,Wave,29-271,1996,12,7,571,6.3,3,2,5,3,0,1,1,0,2.5,1.8,0.9,2.7,8,17,30,0.47,0.32,0.79,0.47,0.79,0.39,0.14,0.54,0.28,0.42,Matches
36e74d61,Leicy Santos,co COL,M,Spirit,29-186,1996,16,11,"1,083",12.0,1,3,4,1,0,0,2,0,1.9,1.9,2.2,4.0,15,66,48,0.08,0.25,0.33,0.08,0.33,0.15,0.18,0.34,0.15,0.34,Matches
758fe55e,Ally Schlegel,us USA,F,Chicago Stars,25-284,2000,26,24,"2,024",22.5,3,5,8,3,0,0,2,0,7.1,7.1,2.8,9.9,20,81,64,0.13,0.22,0.36,0.13,0.36,0.32,0.12,0.44,0.32,0.44,Matches
e8f90dc9,Sophie Schmidt,ca CAN,M,Dash,37-143,1988,10,3,218,2.4,2,0,2,2,0,0,0,0,1.5,1.5,0.4,1.9,1,7,4,0.83,0.00,0.83,0.83,0.83,0.62,0.17,0.79,0.62,0.79,Matches
ec70f750,Sarah Schupansky,us USA,M,Gotham FC,22-085,2003,23,16,"1,286",14.3,1,5,6,1,0,0,3,0,1.0,1.0,4.4,5.4,9,39,63,0.07,0.35,0.42,0.07,0.42,0.07,0.31,0.38,0.07,0.38,Matches
35919238,Katie Scott,us USA,D,Current,18-151,2007,2,2,121,1.3,0,0,0,0,0,0,1,0,0.0,0.0,0.1,0.1,3,6,0,0.00,0.00,0.00,0.00,0.00,0.00,0.04,0.04,0.00,0.04,Matches
3145694d,Hannah Seabert,dk DEN,G,Angel City,30-263,1995,4,4,360,4.0,0,0,0,0,0,0,0,0,0.0,0.0,0.0,0.0,0,0,0,0.00,0.00,0.00,0.00,0.00,0.00,0.00,0.00,0.00,0.00,Matches
7ec2ba7c,Emma Sears,us USA,F,Louisville,24-268,2001,26,26,"2,244",24.9,10,2,12,10,0,0,3,0,8.4,8.4,2.9,11.3,80,35,169,0.40,0.08,0.48,0.40,0.48,0.34,0.12,0.45,0.34,0.45,Matches
e91c05ee,Ally Sentnor,us USA,M,Current,21-273,2004,11,7,665,7.4,0,0,0,0,0,0,1,0,0.9,0.9,0.8,1.7,20,33,29,0.00,0.00,0.00,0.00,0.00,0.12,0.10,0.22,0.12,0.22,Matches
e91c05ee,Ally Sentnor,us USA,F,Royals,21-273,2004,13,13,"1,126",12.5,1,1,2,0,1,1,0,0,2.1,1.4,1.5,2.9,23,33,61,0.08,0.08,0.16,0.00,0.08,0.17,0.12,0.29,0.11,0.23,Matches
0ba36ee8,Kayla Sharples,us USA,D,Current,28-154,1997,24,23,"2,087",23.2,2,1,3,2,0,0,1,0,1.1,1.1,0.8,1.9,6,78,2,0.09,0.04,0.13,0.09,0.13,0.05,0.03,0.08,0.05,0.08,Matches
77361b23,Jaedyn Shaw,us USA,M,Courage,20-363,2004,19,10,"1,002",11.1,3,1,4,2,1,2,2,0,4.7,3.2,2.0,5.1,12,49,58,0.27,0.09,0.36,0.18,0.27,0.42,0.18,0.59,0.28,0.46,Matches
77361b23,Jaedyn Shaw,us USA,F,Gotham FC,20-363,2004,7,6,546,6.1,1,1,2,1,0,0,0,0,0.9,0.9,1.3,2.2,3,14,47,0.16,0.16,0.33,0.16,0.33,0.15,0.21,0.36,0.15,0.36,Matches
ef032510,Delanie Sheehan,us USA,M,Dash,26-309,1999,26,25,"2,076",23.1,1,2,3,1,0,0,2,0,1.7,1.7,3.0,4.7,31,79,84,0.04,0.09,0.13,0.04,0.13,0.08,0.13,0.21,0.08,0.21,Matches
f3a1b6a9,Jamie Shepherd,us USA,M,Bay FC,25-040,2000,10,3,271,3.0,0,0,0,0,0,0,1,0,0.0,0.0,0.1,0.1,1,6,2,0.00,0.00,0.00,0.00,0.00,0.00,0.04,0.04,0.00,0.04,Matches
46b237d3,Kailen Sheridan,ca CAN,G,Wave,30-125,1995,24,24,"2,160",24.0,0,0,0,0,0,0,0,0,0.0,0.0,0.0,0.0,0,8,0,0.00,0.00,0.00,0.00,0.00,0.00,0.00,0.00,0.00,0.00,Matches
0be9bff7,Evelyn Shores,us USA,D,Angel City,20-324,2004,12,12,983,10.9,1,0,1,1,0,0,1,0,0.9,0.9,0.1,1.0,11,38,25,0.09,0.00,0.09,0.09,0.09,0.08,0.01,0.09,0.08,0.09,Matches
9fe4c40f,Jordan Silkowitz,us USA,G,Bay FC,25-236,2000,24,24,"2,160",24.0,0,0,0,0,0,0,2,0,0.3,0.3,0.0,0.3,0,0,0,0.00,0.00,0.00,0.00,0.00,0.01,0.00,0.01,0.01,0.01,Matches
cd6a0894,Jéssica Silva,pt POR,M,Gotham FC,30-342,1994,3,1,90,1.0,0,0,0,0,0,0,0,0,0.8,0.8,0.0,0.8,3,3,4,0.00,0.00,0.00,0.00,0.00,0.76,0.00,0.76,0.76,0.76,Matches
947d22fb,Abby Smith,us USA,G,Dash,32-045,1993,9,8,798,8.9,0,0,0,0,0,0,0,0,0.0,0.0,0.0,0.0,0,0,0,0.00,0.00,0.00,0.00,0.00,0.00,0.00,0.00,0.00,0.00,Matches
60d80b92,Ji So-yun,kr KOR,M,Reign,34-270,1991,13,9,748,8.3,2,2,4,1,1,1,1,0,1.5,0.8,1.8,2.6,14,54,36,0.24,0.24,0.48,0.12,0.36,0.18,0.22,0.40,0.09,0.31,Matches
abf96cef,Aisha Solórzano,gt GUA,F,Royals,27-219,1998,20,15,"1,088",12.1,1,0,1,1,0,0,2,0,1.8,1.8,0.9,2.6,10,18,51,0.08,0.00,0.08,0.08,0.08,0.15,0.07,0.22,0.15,0.22,Matches
43466fe0,Janine Sonis,ca CAN,D,Louisville,31-090,1994,26,23,"2,055",22.8,3,5,8,3,0,0,0,0,1.7,1.7,4.6,6.3,30,72,114,0.13,0.22,0.35,0.13,0.35,0.07,0.20,0.28,0.07,0.28,Matches
08acd418,Emily Sonnett,us USA,D,Gotham FC,31-358,1993,26,26,"2,339",26.0,0,0,0,0,0,0,5,0,1.1,1.1,0.4,1.5,13,74,7,0.00,0.00,0.00,0.00,0.00,0.04,0.01,0.06,0.04,0.06,Matches
0567dc96,Alexa Spaanstra,us USA,F,Thorns,25-290,2000,16,5,488,5.4,0,1,1,0,0,0,0,0,0.6,0.6,0.6,1.2,16,16,39,0.00,0.18,0.18,0.00,0.18,0.11,0.12,0.23,0.11,0.23,Matches
3ed16dcd,Meredith Speck,us USA,F,Courage,32-290,1993,15,5,476,5.3,1,3,4,1,0,0,0,0,0.9,0.9,1.7,2.7,11,19,68,0.19,0.57,0.76,0.19,0.76,0.18,0.32,0.50,0.18,0.50,Matches
271e0873,Bianca St-Georges,ca CAN,F,Royals,28-113,1997,22,11,"1,056",11.7,3,0,3,3,0,0,4,0,4.8,4.8,1.1,6.0,26,13,72,0.26,0.00,0.26,0.26,0.26,0.41,0.09,0.51,0.41,0.51,Matches
9b763275,Samantha Staab,us USA,D,Chicago Stars,28-235,1997,26,25,"2,162",24.0,2,4,6,2,0,0,2,0,1.7,1.7,2.1,3.7,9,74,9,0.08,0.17,0.25,0.08,0.25,0.07,0.09,0.16,0.07,0.16,Matches
c95d751e,Heather Stainbrook,us USA,M,Spirit,24-249,2001,11,6,436,4.8,0,0,0,0,0,0,0,0,0.6,0.6,0.0,0.7,3,11,9,0.00,0.00,0.00,0.00,0.00,0.13,0.00,0.14,0.13,0.14,Matches
b7c6d694,Talia Staude,us USA,D,Courage,24-212,2001,9,7,679,7.5,0,0,0,0,0,0,0,0,0.4,0.4,0.1,0.4,5,37,6,0.00,0.00,0.00,0.00,0.00,0.05,0.01,0.06,0.05,0.06,Matches
d85718cb,Regan Steigleder,no NOR,D,Current,27-076,1998,1,0,28,0.3,0,0,0,0,0,0,0,0,0.0,0.0,0.0,0.0,0,2,0,0.00,0.00,0.00,0.00,0.00,0.00,0.00,0.00,0.00,0.00,Matches
78078a19,Katie Stengel,us USA,F,Gotham FC,33-262,1992,13,5,552,6.1,1,1,2,1,0,0,1,0,2.9,2.9,0.7,3.5,17,19,37,0.16,0.16,0.33,0.16,0.33,0.47,0.11,0.58,0.47,0.58,Matches
268a4e22,Ella Stevens,us USA,M,Gotham FC,27-342,1997,10,7,645,7.2,0,1,1,0,0,0,2,0,0.9,0.9,1.7,2.6,14,14,40,0.00,0.14,0.14,0.00,0.14,0.13,0.24,0.37,0.13,0.37,Matches
7f140cb9,Kylie Strom,us USA,D,Pride,33-245,1992,17,17,"1,512",16.8,0,0,0,0,0,0,0,0,0.1,0.1,0.2,0.3,11,65,3,0.00,0.00,0.00,0.00,0.00,0.01,0.01,0.02,0.01,0.02,Matches
aa1c2ad1,Hina Sugita,jp JPN,M,Angel City,28-291,1997,4,4,360,4.0,0,0,0,0,0,0,1,0,0.2,0.2,0.5,0.7,2,26,15,0.00,0.00,0.00,0.00,0.00,0.05,0.13,0.18,0.05,0.18,Matches
aa1c2ad1,Hina Sugita,jp JPN,M,Thorns,28-291,1997,22,18,"1,543",17.1,0,3,3,0,0,0,2,0,3.2,3.2,3.5,6.7,15,82,64,0.00,0.17,0.17,0.00,0.17,0.19,0.20,0.39,0.19,0.39,Matches
b86a8726,Kysha Sylla,fr FRA,D,Spirit,21-287,2004,14,2,388,4.3,0,0,0,0,0,0,1,0,0.0,0.0,0.0,0.0,4,11,0,0.00,0.00,0.00,0.00,0.00,0.00,0.00,0.00,0.00,0.00,Matches
ac768b90,Mina Tanaka,jp JPN,M,Royals,31-204,1994,23,22,"1,988",22.1,6,1,7,5,1,1,2,0,5.5,4.8,1.4,6.2,26,71,78,0.27,0.05,0.32,0.23,0.27,0.25,0.07,0.31,0.22,0.28,Matches
93504985,Ana Tejada,es ESP,M,Royals,23-169,2002,23,20,"1,671",18.6,0,0,0,0,0,0,6,1,0.3,0.3,0.7,1.0,3,52,7,0.00,0.00,0.00,0.00,0.00,0.02,0.04,0.05,0.02,0.05,Matches
2fcc0a10,Alyssa Thompson,us USA,F,Angel City,21-011,2004,16,16,"1,393",15.5,6,2,8,5,1,2,3,0,4.9,3.5,3.3,6.8,52,36,124,0.39,0.13,0.52,0.32,0.45,0.32,0.22,0.53,0.22,0.44,Matches
36008361,Gisele Thompson,us USA,D,Angel City,19-351,2005,23,21,"1,657",18.4,1,5,6,1,0,0,1,0,1.9,1.9,1.5,3.4,57,57,95,0.05,0.27,0.33,0.05,0.33,0.10,0.08,0.18,0.10,0.18,Matches
0c6c239b,Janni Thomsen,dk DEN,D,Royals,25-275,2000,26,20,"1,814",20.2,3,0,3,3,0,0,1,0,1.3,1.3,0.9,2.2,57,42,72,0.15,0.00,0.15,0.15,0.15,0.06,0.04,0.11,0.06,0.11,Matches
18dd307e,Riley Tiernan,us USA,F,Angel City,23-004,2002,26,26,"2,193",24.4,8,1,9,8,0,0,4,0,4.5,4.5,2.2,6.7,44,43,106,0.33,0.04,0.37,0.33,0.37,0.19,0.09,0.28,0.19,0.28,Matches
7f88a259,Pietra Tordin,us USA,F,Thorns,21-233,2004,24,9,903,10.0,4,0,4,4,0,0,3,0,4.7,4.7,1.2,6.0,6,15,60,0.40,0.00,0.40,0.40,0.40,0.47,0.12,0.59,0.47,0.59,Matches
1cc6b80b,Kaitlyn Torpey,au AUS,D,Thorns,25-246,2000,18,13,"1,043",11.6,0,0,0,0,0,0,3,0,0.0,0.0,0.7,0.7,9,36,25,0.00,0.00,0.00,0.00,0.00,0.00,0.06,0.06,0.00,0.06,Matches
711932d7,Taryn Torres,us USA,M,Gotham FC,26-209,1999,15,8,762,8.5,0,0,0,0,0,0,3,0,0.4,0.4,0.4,0.8,6,26,7,0.00,0.00,0.00,0.00,0.00,0.04,0.05,0.10,0.04,0.10,Matches
cc4c8fb2,Reilyn Turner,us USA,F,Thorns,23-032,2002,25,22,"1,818",20.2,5,1,6,5,0,0,2,0,9.0,9.0,2.2,11.2,27,26,125,0.25,0.05,0.30,0.25,0.30,0.45,0.11,0.56,0.45,0.56,Matches
74c3d2a9,Olivia Van der Jagt,us USA,M,Reign,26-120,1999,3,0,21,0.2,0,0,0,0,0,0,0,0,0.0,0.0,0.0,0.0,0,3,1,0.00,0.00,0.00,0.00,0.00,0.00,0.00,0.00,0.00,0.00,Matches
31d22151,Kiki Van Zanten,jm JAM,F,Dash,24-085,2001,17,13,"1,107",12.3,2,1,3,2,0,0,1,0,1.3,1.3,1.4,2.7,24,28,64,0.16,0.08,0.24,0.16,0.24,0.11,0.11,0.22,0.11,0.22,Matches
a0516248,Mary Vignola,us USA,D,Angel City,27-280,1998,20,16,"1,337",14.9,1,2,3,1,0,0,1,0,1.5,1.5,0.6,2.1,26,62,43,0.07,0.13,0.20,0.07,0.20,0.10,0.04,0.14,0.10,0.14,Matches
a0516248,Mary Vignola,us USA,D,Thorns,27-280,1998,3,3,232,2.6,0,0,0,0,0,0,0,0,0.2,0.2,0.0,0.2,7,6,5,0.00,0.00,0.00,0.00,0.00,0.08,0.01,0.09,0.08,0.09,Matches
05c99b84,Viviana Villacorta,us USA,M,Pride,26-289,1999,6,0,90,1.0,0,0,0,0,0,0,1,0,0.0,0.0,0.0,0.0,0,3,4,0.00,0.00,0.00,0.00,0.00,0.00,0.00,0.00,0.00,0.00,Matches
55d492ba,Cortnee Vine,au AUS,F,Courage,27-223,1998,16,5,527,5.9,1,0,1,1,0,0,0,0,2.0,2.0,0.7,2.7,7,9,39,0.17,0.00,0.17,0.17,0.17,0.34,0.12,0.46,0.34,0.46,Matches
56d5fb23,Ally Watt,us USA,M,Pride,28-251,1997,24,19,"1,546",17.2,2,2,4,2,0,0,1,0,4.8,4.8,1.7,6.5,36,18,102,0.12,0.12,0.23,0.12,0.23,0.28,0.10,0.38,0.28,0.38,Matches
442d8200,Dani Weatherholt,us USA,D,Courage,31-246,1994,12,7,582,6.5,0,0,0,0,0,0,1,0,0.0,0.0,0.3,0.4,9,20,10,0.00,0.00,0.00,0.00,0.00,0.00,0.05,0.06,0.00,0.06,Matches
f9ee912d,Sarah Weber,us USA,F,Louisville,22-277,2003,25,14,"1,395",15.5,3,1,4,3,0,0,1,0,4.8,4.8,1.2,5.9,8,29,59,0.19,0.06,0.26,0.19,0.26,0.31,0.08,0.38,0.31,0.38,Matches
b07b7c39,Kennedy Wesley,us USA,D,Wave,24-255,2001,22,20,"1,748",19.4,1,0,1,1,0,0,1,1,1.3,1.3,0.3,1.6,10,50,7,0.05,0.00,0.05,0.05,0.05,0.07,0.01,0.08,0.07,0.08,Matches
274666f1,Christen Westphal,us USA,D,Dash,32-077,1993,9,7,533,5.9,0,0,0,0,0,0,2,0,0.0,0.0,0.1,0.1,6,28,7,0.00,0.00,0.00,0.00,0.00,0.00,0.02,0.02,0.00,0.02,Matches
a69d6298,Ellie Wheeler,us USA,D,Current,23-339,2001,21,15,"1,312",14.6,1,1,2,1,0,0,1,0,0.8,0.8,0.2,1.0,19,48,22,0.07,0.07,0.14,0.07,0.14,0.05,0.02,0.07,0.05,0.07,Matches
eeb2f6eb,Mak Whitham,us USA,M,Gotham FC,15-114,2010,6,0,59,0.7,0,0,0,0,0,0,0,0,0.2,0.2,0.0,0.2,1,1,7,0.00,0.00,0.00,0.00,0.00,0.27,0.00,0.27,0.27,0.27,Matches
7dc25da9,Kate Wiesner,us USA,D,Spirit,24-280,2001,13,10,751,8.3,1,0,1,1,0,0,1,0,0.1,0.1,1.0,1.2,9,29,28,0.12,0.00,0.12,0.12,0.12,0.02,0.13,0.14,0.02,0.14,Matches
787e8bfd,Ryan Williams,us USA,D,Courage,29-268,1996,26,26,"2,336",26.0,1,2,3,1,0,0,1,0,1.4,1.4,3.1,4.5,66,116,138,0.04,0.08,0.12,0.04,0.12,0.05,0.12,0.17,0.05,0.17,Matches
2b0527c9,Arin Wright,us USA,D,Louisville,32-328,1992,22,21,"1,910",21.2,1,2,3,1,0,0,1,0,1.2,1.2,1.0,2.2,11,66,3,0.05,0.09,0.14,0.05,0.14,0.06,0.05,0.10,0.06,0.10,Matches
4f994efc,Summer Yates,us USA,M,Pride,25-154,2000,16,5,559,6.2,0,1,1,0,0,0,2,0,1.4,1.4,2.1,3.4,9,13,30,0.00,0.16,0.16,0.00,0.16,0.22,0.34,0.55,0.22,0.55,Matches
213a7877,Katie Zelem,eng ENG,M,Angel City,29-302,1996,15,6,585,6.5,2,0,2,2,0,0,2,0,1.2,1.2,0.6,1.8,2,41,14,0.31,0.00,0.31,0.31,0.31,0.18,0.10,0.28,0.18,0.28,Matches
82f12690,Claudia Zornoza,es ESP,M,Royals,35-029,1990,24,24,"1,994",22.2,1,2,3,1,0,0,2,0,1.2,1.2,3.2,4.3,26,118,24,0.05,0.09,0.14,0.05,0.14,0.05,0.14,0.20,0.05,0.20,Matches
